d,BD6,DF132,LD12,KD42
401,6490,7125,6351,7140
402,6523,7160,6384,7178
403,6557,7195,6417,7215
404,6591,7231,6449,7250
405,6622,7266,6479,7283
406,6651,7299,6508,7315
407,6677,7331,6535,7345
408,6700,7362,6561,7373
409,6723,7391,6585,7400
410,6745,7419,6609,7426
411,6768,7446,6632,7451
412,6792,7475,6654,7476
413,6816,7503,6677,7501
414,6840,7533,6700,7526
415,6864,7563,6724,7550
416,6888,7593,6747,7574
417,6913,7621,6769,7598
418,6937,7646,6790,7620
419,6963,7670,6810,7643
420,6989,7691,6830,7665
421,7015,7711,6851,7687
422,7042,7732,6872,7710
423,7069,7754,6896,7734
424,7096,7779,6921,7759
425,7123,7806,6948,7786
426,7149,7835,6976,7815
427,7174,7865,7006,7847
428,7199,7895,7037,7880
429,7224,7925,7069,7915
430,7249,7956,7101,7950
431,7277,7986,7132,7985
432,7306,8018,7161,8019
433,7337,8049,7190,8053
434,7370,8081,7218,8086
435,7403,8112,7245,8119
436,7435,8143,7272,8152
437,7466,8174,7299,8185
438,7494,8205,7325,8216
439,7520,8237,7351,8245
440,7541,8268,7375,8270
441,7559,8296,7397,8292
442,7574,8320,7416,8311
443,7589,8339,7432,8329
444,7604,8354,7447,8345
445,7622,8365,7460,8362
446,7643,8376,7473,8379
447,7664,8389,7486,8397
448,7685,8406,7500,8416
449,7704,8427,7515,8434
450,7721,8451,7530,8452
451,7737,8477,7546,8470
452,7752,8501,7562,8487
453,7768,8524,7579,8505
454,7787,8544,7599,8524
455,7809,8565,7621,8545
456,7835,8587,7646,8568
457,7865,8612,7674,8595
458,7898,8643,7704,8627
459,7933,8680,7738,8664
460,7972,8723,7776,8707
461,8015,8773,7820,8758
462,8064,8828,7870,8817
463,8122,8891,7928,8883
464,8190,8960,7995,8957
465,8269,9037,8072,9038
466,8356,9120,8156,9125
467,8450,9209,8246,9218
468,8549,9301,8339,9315
469,8648,9394,8434,9415
470,8746,9487,8528,9515
471,8842,9578,8620,9613
472,8933,9665,8707,9708
473,9018,9748,8789,9796
474,9096,9823,8861,9876
475,9162,9889,8923,9945
476,9216,9943,8972,10000
477,9255,9983,9007,10041
478,9279,10007,9027,10066
479,9289,10015,9034,10075
480,9284,10009,9028,10071
481,9269,9992,9014,10054
482,9245,9967,8990,10029
483,9214,9935,8961,9997
484,9179,9900,8925,9960
485,9142,9862,8886,9919
486,9103,9823,8844,9876
487,9064,9786,8802,9833
488,9025,9750,8762,9792
489,8987,9718,8726,9752
490,8951,9691,8694,9717
491,8917,9667,8666,9687
492,8886,9647,8641,9661
493,8860,9630,8620,9640
494,8839,9617,8603,9625
495,8824,9607,8589,9614
496,8815,9600,8579,9607
497,8809,9597,8573,9604
498,8805,9595,8569,9602
499,8801,9595,8566,9601
500,8797,9597,8564,9602
501,8793,9601,8563,9603
502,8791,9606,8563,9605
503,8793,9614,8565,9609
504,8798,9623,8569,9612
505,8806,9632,8574,9615
506,8816,9641,8582,9619
507,8826,9650,8592,9622
508,8837,9659,8604,9626
509,8847,9669,8617,9632
510,8858,9680,8632,9642
511,8870,9694,8647,9655
512,8882,9711,8663,9671
513,8896,9730,8678,9691
514,8911,9750,8693,9712
515,8929,9769,8706,9734
516,8950,9788,8720,9756
517,8971,9806,8734,9779
518,8994,9823,8749,9800
519,9015,9840,8766,9821
520,9036,9857,8785,9840
521,9055,9876,8805,9858
522,9074,9894,8824,9875
523,9093,9911,8842,9892
524,9111,9927,8857,9908
525,9127,9941,8870,9923
526,9141,9955,8882,9937
527,9152,9969,8892,9951
528,9162,9983,8903,9965
529,9171,10000,8914,9980
530,9180,10018,8926,9994
531,9190,10037,8939,10009
532,9202,10054,8953,10024
533,9214,10070,8967,10037
534,9226,10084,8981,10050
535,9239,10096,8994,10061
536,9252,10109,9008,10071
537,9265,10123,9021,10081
538,9278,10139,9033,10093
539,9291,10157,9046,10106
540,9304,10176,9059,10121
541,9318,10195,9072,10138
542,9332,10212,9085,10155
543,9346,10229,9098,10172
544,9362,10245,9111,10190
545,9380,10262,9126,10210
546,9399,10280,9142,10232
547,9420,10301,9159,10257
548,9443,10324,9177,10285
549,9465,10350,9196,10313
550,9487,10378,9215,10340
551,9510,10405,9235,10365
552,9534,10433,9256,10389
553,9560,10460,9278,10410
554,9588,10486,9302,10431
555,9618,10511,9328,10452
556,9648,10537,9355,10475
557,9677,10564,9383,10502
558,9705,10591,9412,10531
559,9732,10619,9440,10562
560,9759,10647,9469,10595
561,9785,10676,9497,10628
562,9812,10705,9525,10660
563,9839,10735,9553,10692
564,9865,10764,9581,10722
565,9892,10794,9607,10753
566,9918,10823,9632,10782
567,9944,10851,9656,10811
568,9971,10879,9680,10841
569,9999,10909,9705,10872
570,10027,10939,9731,10903
571,10057,10971,9758,10935
572,10087,11004,9787,10968
573,10119,11038,9817,11000
574,10150,11071,9848,11031
575,10181,11102,9878,11061
576,10210,11129,9906,11090
577,10237,11154,9933,11118
578,10261,11175,9957,11144
579,10281,11195,9977,11168
580,10298,11214,9995,11190
581,10313,11233,10012,11210
582,10327,11253,10027,11231
583,10341,11274,10042,11251
584,10358,11295,10057,11271
585,10375,11316,10072,11290
586,10393,11336,10087,11308
587,10409,11354,10102,11323
588,10425,11371,10115,11335
589,10438,11388,10128,11345
590,10452,11404,10141,11354
591,10466,11422,10155,11364
592,10482,11441,10170,11377
593,10501,11463,10188,11393
594,10522,11487,10209,11413
595,10546,11512,10231,11437
596,10570,11538,10255,11464
597,10595,11563,10277,11493
598,10620,11587,10300,11521
599,10644,11611,10322,11549
600,10667,11634,10344,11574
601,10691,11658,10366,11597
602,10715,11682,10390,11620
603,10740,11706,10414,11643
604,10766,11731,10439,11667
605,10790,11757,10464,11692
606,10814,11784,10489,11719
607,10836,11812,10513,11745
608,10857,11841,10537,11771
609,10877,11870,10562,11797
610,10899,11899,10587,11822
611,10922,11927,10612,11847
612,10946,11953,10637,11871
613,10971,11977,10661,11893
614,10994,12000,10684,11915
615,11017,12024,10704,11935
616,11037,12047,10722,11955
617,11055,12071,10738,11974
618,11071,12093,10753,11993
619,11086,12114,10767,12013
620,11101,12133,10780,12031
621,11116,12148,10794,12050
622,11133,12162,10807,12069
623,11151,12176,10821,12088
624,11169,12191,10835,12106
625,11186,12207,10850,12125
626,11200,12226,10865,12143
627,11212,12245,10881,12160
628,11221,12264,10897,12177
629,11229,12283,10913,12194
630,11239,12301,10930,12211
631,11252,12319,10947,12228
632,11270,12338,10964,12248
633,11293,12358,10981,12269
634,11320,12381,10998,12291
635,11349,12404,11015,12315
636,11380,12428,11034,12338
637,11410,12451,11054,12360
638,11438,12473,11076,12382
639,11465,12494,11097,12403
640,11491,12514,11119,12424
641,11515,12535,11140,12445
642,11538,12556,11161,12467
643,11561,12576,11181,12490
644,11582,12595,11201,12513
645,11602,12613,11220,12534
646,11620,12630,11237,12555
647,11637,12647,11254,12574
648,11652,12665,11271,12593
649,11668,12685,11288,12611
650,11687,12707,11306,12630
651,11707,12730,11326,12650
652,11730,12753,11347,12670
653,11755,12775,11369,12691
654,11780,12796,11390,12713
655,11804,12817,11410,12735
656,11826,12839,11429,12759
657,11846,12865,11448,12783
658,11865,12894,11467,12808
659,11883,12927,11486,12832
660,11900,12961,11507,12855
661,11917,12994,11528,12877
662,11935,13023,11549,12898
663,11954,13047,11570,12918
664,11973,13065,11589,12939
665,11993,13080,11608,12959
666,12014,13093,11627,12978
667,12035,13107,11648,12997
668,12056,13124,11670,13015
669,12077,13143,11694,13035
670,12099,13165,11719,13056
671,12120,13189,11744,13081
672,12142,13214,11769,13107
673,12164,13238,11792,13135
674,12186,13263,11814,13164
675,12208,13286,11834,13191
676,12231,13309,11852,13216
677,12253,13331,11869,13240
678,12274,13351,11886,13262
679,12296,13370,11904,13283
680,12317,13387,11922,13304
681,12339,13405,11941,13324
682,12361,13424,11961,13344
683,12384,13446,11982,13364
684,12407,13472,12002,13384
685,12430,13501,12023,13403
686,12453,13531,12044,13421
687,12475,13563,12065,13441
688,12496,13593,12085,13462
689,12517,13623,12106,13485
690,12538,13652,12128,13512
691,12559,13679,12151,13542
692,12582,13705,12176,13573
693,12608,13730,12202,13605
694,12634,13753,12230,13635
695,12661,13775,12257,13662
696,12688,13796,12283,13687
697,12714,13817,12307,13709
698,12738,13838,12331,13731
699,12761,13860,12353,13752
700,12784,13884,12376,13775
701,12809,13910,12399,13800
702,12835,13937,12422,13827
703,12863,13964,12446,13856
704,12891,13990,12471,13886
705,12919,14015,12495,13916
706,12945,14038,12520,13944
707,12970,14060,12546,13971
708,12993,14083,12572,13997
709,13016,14107,12597,14022
710,13039,14134,12621,14047
711,13062,14163,12645,14073
712,13086,14194,12667,14098
713,13111,14225,12689,14122
714,13135,14254,12710,14144
715,13158,14280,12730,14164
716,13180,14303,12750,14183
717,13201,14323,12768,14200
718,13221,14340,12785,14216
719,13240,14356,12802,14231
720,13258,14371,12817,14247
721,13276,14385,12832,14264
722,13296,14400,12847,14282
723,13316,14415,12863,14302
724,13338,14431,12879,14323
725,13360,14449,12896,14345
726,13382,14468,12913,14366
727,13403,14488,12931,14386
728,13422,14509,12949,14405
729,13439,14530,12968,14423
730,13455,14551,12986,14439
731,13470,14571,13003,14455
732,13485,14590,13020,14470
733,13502,14609,13036,14484
734,13518,14627,13051,14498
735,13534,14645,13065,14511
736,13549,14664,13081,14525
737,13564,14683,13097,14540
738,13580,14703,13116,14558
739,13598,14723,13137,14578
740,13618,14744,13160,14602
741,13641,14766,13184,14629
742,13667,14790,13209,14658
743,13695,14817,13234,14688
744,13722,14847,13258,14719
745,13750,14877,13282,14748
746,13777,14907,13305,14777
747,13804,14935,13329,14805
748,13830,14962,13352,14834
749,13856,14987,13376,14863
750,13882,15011,13400,14893
751,13909,15035,13425,14923
752,13936,15062,13451,14952
753,13964,15090,13478,14979
754,13993,15120,13507,15005
755,14021,15150,13536,15031
756,14049,15179,13565,15058
757,14077,15208,13594,15087
758,14104,15236,13623,15116
759,14131,15265,13650,15144
760,14158,15294,13677,15173
761,14186,15323,13703,15200
762,14215,15353,13728,15227
763,14244,15382,13752,15253
764,14273,15410,13777,15279
765,14302,15436,13802,15305
766,14329,15460,13827,15329
767,14355,15484,13852,15353
768,14379,15508,13877,15376
769,14401,15533,13901,15400
770,14422,15558,13924,15424
771,14442,15583,13945,15449
772,14461,15606,13965,15473
773,14479,15626,13982,15496
774,14496,15642,13999,15516
775,14512,15656,14013,15534
776,14527,15669,14027,15548
777,14541,15681,14039,15559
778,14554,15695,14052,15569
779,14567,15710,14064,15578
780,14580,15727,14077,15589
781,14594,15745,14090,15600
782,14609,15765,14103,15614
783,14625,15785,14117,15630
784,14642,15804,14132,15647
785,14660,15824,14148,15666
786,14678,15842,14166,15687
787,14696,15861,14186,15709
788,14714,15879,14207,15734
789,14734,15897,14229,15759
790,14754,15916,14251,15785
791,14775,15934,14272,15810
792,14796,15953,14290,15833
793,14817,15973,14307,15854
794,14837,15994,14322,15872
795,14855,16016,14336,15889
796,14872,16040,14351,15904
797,14889,16064,14366,15919
798,14907,16088,14383,15935
799,14927,16112,14402,15953
800,14949,16136,14422,15974
801,14973,16159,14443,15997
802,14997,16182,14463,16022
803,15020,16206,14483,16048
804,15043,16229,14503,16072
805,15063,16252,14524,16094
806,15081,16274,14544,16113
807,15097,16295,14565,16131
808,15112,16313,14584,16147
809,15128,16330,14602,16164
810,15145,16345,14621,16183
811,15166,16362,14640,16203
812,15189,16380,14660,16224
813,15216,16403,14682,16247
814,15243,16430,14705,16270
815,15270,16459,14730,16293
816,15297,16490,14756,16317
817,15325,16520,14783,16343
818,15354,16548,14810,16369
819,15384,16574,14838,16397
820,15415,16600,14866,16426
821,15447,16626,14894,16456
822,15477,16654,14922,16485
823,15505,16685,14950,16516
824,15531,16718,14978,16546
825,15556,16752,15005,16577
826,15581,16786,15033,16608
827,15608,16820,15061,16639
828,15638,16852,15090,16671
829,15670,16883,15121,16702
830,15705,16912,15153,16734
831,15740,16939,15185,16767
832,15775,16966,15218,16801
833,15809,16992,15249,16835
834,15843,17019,15281,16867
835,15875,17047,15311,16899
836,15907,17077,15342,16929
837,15941,17110,15373,16960
838,15974,17145,15406,16993
839,16008,17181,15440,17027
840,16042,17217,15475,17063
841,16075,17252,15511,17100
842,16107,17286,15546,17139
843,16138,17320,15580,17178
844,16170,17353,15614,17218
845,16203,17386,15648,17257
846,16238,17421,15683,17295
847,16274,17456,15719,17331
848,16312,17490,15755,17365
849,16349,17523,15790,17395
850,16384,17553,15822,17423
851,16416,17581,15850,17449
852,16445,17607,15875,17474
853,16471,17633,15898,17500
854,16496,17661,15920,17525
855,16522,17690,15943,17550
856,16548,17720,15969,17575
857,16575,17751,15996,17599
858,16602,17782,16026,17622
859,16631,17810,16056,17646
860,16658,17836,16086,17670
861,16683,17859,16115,17696
862,16705,17879,16140,17723
863,16723,17895,16160,17748
864,16736,17908,16174,17771
865,16746,17918,16183,17790
866,16753,17924,16187,17803
867,16755,17929,16186,17810
868,16755,17930,16181,17811
869,16751,17928,16172,17803
870,16742,17922,16159,17789
871,16728,17911,16143,17767
872,16710,17895,16123,17740
873,16686,17873,16099,17709
874,16660,17846,16074,17675
875,16631,17817,16046,17641
876,16603,17786,16018,17607
877,16576,17757,15990,17577
878,16552,17730,15966,17551
879,16532,17709,15945,17530
880,16515,17691,15929,17515
881,16502,17679,15918,17505
882,16490,17671,15910,17499
883,16481,17665,15906,17496
884,16473,17661,15903,17493
885,16468,17658,15900,17492
886,16466,17655,15899,17490
887,16468,17655,15899,17491
888,16475,17657,15901,17493
889,16485,17663,15908,17498
890,16498,17674,15917,17507
891,16512,17687,15931,17517
892,16526,17704,15946,17530
893,16541,17724,15963,17545
894,16556,17745,15981,17563
895,16573,17768,16000,17583
896,16592,17792,16021,17606
897,16613,17816,16044,17631
898,16638,17841,16068,17658
899,16664,17866,16093,17684
900,16692,17890,16119,17709
901,16718,17914,16143,17733
902,16744,17940,16165,17755
903,16769,17966,16186,17777
904,16793,17994,16207,17799
905,16818,18024,16229,17823
906,16844,18054,16252,17849
907,16871,18083,16277,17876
908,16900,18110,16302,17905
909,16927,18133,16327,17933
910,16951,18153,16351,17958
911,16972,18168,16372,17980
912,16989,18182,16391,17997
913,17005,18194,16410,18012
914,17022,18207,16428,18026
915,17042,18222,16447,18041
916,17068,18239,16468,18060
917,17097,18259,16492,18083
918,17129,18283,16518,18110
919,17162,18308,16545,18141
920,17192,18336,16574,18173
921,17219,18365,16602,18205
922,17244,18395,16630,18234
923,17267,18425,16657,18261
924,17290,18456,16684,18285
925,17315,18486,16712,18308
926,17343,18517,16740,18331
927,17374,18548,16770,18358
928,17408,18580,16800,18388
929,17442,18613,16831,18423
930,17476,18647,16862,18461
931,17509,18682,16892,18501
932,17540,18718,16923,18541
933,17571,18753,16955,18580
934,17601,18786,16986,18616
935,17631,18815,17017,18646
936,17659,18840,17045,18671
937,17683,18858,17067,18689
938,17701,18868,17082,18698
939,17709,18868,17087,18698
940,17707,18859,17082,18689
941,17694,18840,17066,18670
942,17671,18813,17040,18644
943,17638,18779,17006,18611
944,17599,18742,16966,18572
945,17553,18701,16922,18529
946,17503,18657,16874,18484
947,17451,18612,16825,18437
948,17398,18565,16774,18389
949,17345,18518,16723,18341
950,17294,18470,16673,18292
951,17246,18425,16624,18243
952,17203,18382,16579,18197
953,17166,18344,16539,18154
954,17134,18311,16504,18116
955,17107,18283,16476,18083
956,17085,18260,16454,18056
957,17066,18241,16436,18035
958,17051,18225,16424,18019
959,17040,18213,16415,18008
960,17032,18202,16409,18000
961,17027,18194,16406,17994
962,17026,18188,16405,17988
963,17026,18185,16404,17982
964,17028,18184,16402,17976
965,17029,18186,16401,17970
966,17029,18190,16399,17965
967,17029,18195,16397,17961
968,17030,18202,16396,17959
969,17031,18210,16397,17958
970,17035,18218,16399,17961
971,17039,18227,16402,17965
972,17044,18235,16405,17972
973,17050,18243,16409,17982
974,17056,18251,16413,17994
975,17063,18259,16418,18008
976,17071,18267,16425,18022
977,17080,18275,16433,18035
978,17089,18283,16443,18046
979,17097,18290,16453,18054
980,17105,18296,16464,18060
981,17114,18303,16475,18066
982,17124,18309,16487,18071
983,17136,18316,16498,18079
984,17149,18324,16511,18089
985,17164,18334,16525,18100
986,17180,18347,16541,18112
987,17195,18363,16557,18125
988,17208,18381,16575,18138
989,17221,18401,16593,18154
990,17233,18421,16611,18171
991,17247,18441,16629,18193
992,17263,18461,16649,18218
993,17283,18481,16672,18247
994,17307,18503,16697,18279
995,17335,18526,16726,18313
996,17365,18552,16757,18346
997,17398,18579,16788,18376
998,17431,18605,16819,18404
999,17464,18631,16848,18428
1000,17496,18655,16874,18449
1001,17526,18676,16897,18469
1002,17552,18694,16915,18487
1003,17574,18709,16930,18504
1004,17591,18720,16940,18520
1005,17602,18727,16948,18533
1006,17609,18730,16953,18543
1007,17614,18730,16956,18549
1008,17617,18729,16959,18552
1009,17619,18727,16961,18553
1010,17622,18728,16964,18552
1011,17625,18731,16967,18550
1012,17630,18738,16972,18549
1013,17637,18749,16977,18549
1014,17646,18761,16983,18551
1015,17658,18774,16990,18557
1016,17672,18787,16999,18565
1017,17686,18799,17009,18577
1018,17701,18810,17022,18593
1019,17717,18820,17035,18610
1020,17733,18830,17049,18629
1021,17747,18840,17062,18647
1022,17761,18851,17075,18664
1023,17773,18863,17085,18679
1024,17784,18876,17094,18692
1025,17793,18891,17103,18703
1026,17801,18907,17112,18714
1027,17810,18923,17123,18723
1028,17820,18938,17136,18733
1029,17831,18950,17151,18741
1030,17843,18960,17167,18749
1031,17856,18966,17184,18757
1032,17869,18972,17201,18767
1033,17882,18979,17217,18777
1034,17894,18988,17232,18789
1035,17907,19001,17246,18803
1036,17920,19016,17259,18818
1037,17933,19033,17272,18834
1038,17948,19050,17286,18851
1039,17964,19067,17302,18869
1040,17982,19084,17318,18887
1041,17999,19101,17337,18906
1042,18016,19118,17357,18924
1043,18033,19136,17377,18943
1044,18049,19155,17397,18961
1045,18065,19174,17417,18980
1046,18081,19192,17435,19000
1047,18097,19210,17452,19019
1048,18113,19225,17466,19037
1049,18127,19239,17478,19052
1050,18140,19251,17487,19063
1051,18150,19261,17493,19070
1052,18157,19270,17497,19072
1053,18160,19275,17498,19071
1054,18161,19276,17497,19066
1055,18159,19274,17493,19059
1056,18156,19267,17487,19050
1057,18151,19259,17481,19041
1058,18145,19248,17475,19033
1059,18139,19238,17469,19026
1060,18133,19229,17464,19022
1061,18128,19223,17461,19021
1062,18123,19219,17458,19024
1063,18122,19220,17459,19030
1064,18126,19225,17464,19038
1065,18135,19236,17473,19050
1066,18151,19254,17488,19064
1067,18174,19277,17508,19082
1068,18203,19306,17533,19105
1069,18237,19340,17562,19133
1070,18275,19376,17596,19167
1071,18317,19415,17633,19207
1072,18361,19455,17673,19251
1073,18408,19496,17716,19297
1074,18457,19536,17762,19344
1075,18507,19577,17808,19389
1076,18555,19618,17852,19431
1077,18598,19660,17894,19470
1078,18634,19698,17930,19504
1079,18662,19733,17961,19533
1080,18683,19762,17985,19557
1081,18698,19783,18004,19578
1082,18709,19797,18019,19594
1083,18718,19805,18030,19606
1084,18725,19807,18038,19614
1085,18729,19804,18042,19618
1086,18729,19798,18044,19617
1087,18724,19790,18042,19613
1088,18715,19781,18038,19606
1089,18704,19773,18033,19600
1090,18693,19768,18028,19595
1091,18685,19767,18024,19593
1092,18680,19771,18022,19594
1093,18681,19780,18023,19596
1094,18686,19793,18025,19601
1095,18696,19807,18030,19607
1096,18711,19823,18038,19615
1097,18728,19838,18049,19625
1098,18748,19854,18063,19638
1099,18769,19870,18081,19656
1100,18792,19888,18102,19677
1101,18816,19907,18127,19701
1102,18841,19929,18153,19728
1103,18868,19952,18180,19755
1104,18895,19975,18207,19780
1105,18921,19997,18233,19803
1106,18943,20016,18256,19823
1107,18961,20033,18276,19839
1108,18973,20048,18292,19852
1109,18981,20060,18304,19864
1110,18986,20070,18313,19874
1111,18992,20079,18320,19884
1112,19000,20086,18327,19895
1113,19011,20092,18335,19907
1114,19023,20098,18344,19921
1115,19034,20104,18355,19935
1116,19046,20111,18369,19950
1117,19057,20119,18384,19965
1118,19070,20129,18401,19980
1119,19084,20143,18420,19996
1120,19102,20161,18441,20013
1121,19122,20183,18462,20030
1122,19142,20207,18482,20048
1123,19162,20231,18499,20064
1124,19180,20251,18514,20078
1125,19194,20267,18524,20088
1126,19202,20277,18531,20094
1127,19204,20281,18535,20098
1128,19201,20281,18537,20100
1129,19194,20277,18535,20100
1130,19185,20270,18530,20098
1131,19173,20260,18521,20091
1132,19161,20246,18508,20079
1133,19147,20229,18490,20061
1134,19131,20209,18470,20039
1135,19114,20190,18448,20014
1136,19097,20171,18427,19989
1137,19079,20154,18408,19967
1138,19062,20141,18391,19947
1139,19046,20129,18376,19932
1140,19034,20121,18364,19919
1141,19025,20114,18354,19909
1142,19019,20109,18347,19902
1143,19017,20104,18343,19897
1144,19017,20099,18340,19895
1145,19016,20094,18338,19893
1146,19015,20088,18336,19892
1147,19013,20080,18334,19891
1148,19010,20072,18331,19889
1149,19005,20063,18328,19886
1150,19001,20054,18324,19880
1151,18996,20046,18320,19872
1152,18990,20037,18313,19862
1153,18982,20027,18304,19848
1154,18969,20015,18291,19832
1155,18954,20001,18276,19814
1156,18934,19985,18257,19795
1157,18914,19968,18237,19775
1158,18894,19951,18217,19755
1159,18876,19935,18197,19735
1160,18858,19919,18177,19714
1161,18839,19902,18156,19691
1162,18818,19883,18134,19666
1163,18793,19861,18111,19639
1164,18764,19836,18087,19611
1165,18734,19809,18063,19584
1166,18703,19780,18040,19557
1167,18675,19751,18018,19532
1168,18651,19723,17998,19507
1169,18632,19697,17981,19485
1170,18618,19675,17966,19464
1171,18608,19658,17952,19446
1172,18600,19647,17941,19432
1173,18593,19640,17931,19421
1174,18586,19637,17923,19413
1175,18579,19636,17917,19407
1176,18573,19635,17912,19402
1177,18569,19633,17909,19396
1178,18567,19629,17907,19392
1179,18566,19624,17906,19388
1180,18565,19619,17906,19386
1181,18565,19615,17907,19386
1182,18563,19611,17908,19386
1183,18560,19608,17909,19386
1184,18557,19606,17909,19385
1185,18554,19604,17910,19384
1186,18554,19604,17912,19385
1187,18558,19606,17916,19388
1188,18564,19611,17922,19395
1189,18574,19621,17930,19405
1190,18585,19635,17939,19417
1191,18596,19651,17948,19430
1192,18608,19669,17958,19444
1193,18620,19686,17969,19456
1194,18632,19700,17980,19468
1195,18644,19712,17993,19478
1196,18657,19722,18006,19487
1197,18670,19730,18020,19495
1198,18681,19737,18033,19503
1199,18691,19744,18045,19510
1200,18700,19750,18056,19519
1201,18708,19754,18065,19530
1202,18715,19757,18072,19542
1203,18722,19758,18079,19554
1204,18731,19761,18085,19566
1205,18740,19766,18093,19577
1206,18751,19774,18101,19586
1207,18762,19786,18110,19595
1208,18772,19800,18119,19603
1209,18780,19814,18129,19611
1210,18785,19827,18137,19619
1211,18786,19837,18144,19626
1212,18785,19844,18149,19630
1213,18782,19849,18153,19633
1214,18780,19851,18156,19635
1215,18781,19851,18159,19637
1216,18785,19850,18161,19638
1217,18791,19848,18163,19640
1218,18799,19847,18166,19643
1219,18808,19848,18170,19647
1220,18818,19852,18178,19651
1221,18829,19860,18187,19655
1222,18839,19871,18198,19660
1223,18849,19885,18209,19665
1224,18857,19898,18220,19670
1225,18865,19909,18229,19677
1226,18871,19917,18238,19683
1227,18877,19923,18246,19691
1228,18883,19927,18255,19700
1229,18890,19934,18266,19711
1230,18899,19945,18280,19725
1231,18911,19960,18296,19742
1232,18926,19980,18316,19762
1233,18944,20001,18338,19784
1234,18964,20022,18361,19806
1235,18985,20040,18382,19829
1236,19006,20055,18402,19850
1237,19027,20067,18418,19870
1238,19046,20077,18433,19888
1239,19065,20086,18446,19904
1240,19084,20096,18458,19919
1241,19102,20106,18471,19932
1242,19121,20117,18483,19944
1243,19138,20127,18496,19956
1244,19153,20138,18509,19967
1245,19165,20148,18523,19978
1246,19175,20160,18537,19990
1247,19183,20172,18552,20003
1248,19191,20185,18568,20016
1249,19200,20197,18583,20029
1250,19209,20207,18599,20041
1251,19219,20217,18615,20053
1252,19229,20224,18630,20065
1253,19238,20231,18643,20076
1254,19247,20237,18655,20087
1255,19254,20244,18665,20098
1256,19260,20250,18673,20109
1257,19267,20256,18681,20118
1258,19273,20261,18688,20126
1259,19281,20265,18695,20132
1260,19289,20268,18702,20135
1261,19296,20269,18708,20136
1262,19302,20269,18712,20135
1263,19305,20266,18714,20132
1264,19304,20260,18713,20127
1265,19299,20253,18709,20121
1266,19290,20246,18703,20113
1267,19280,20238,18694,20103
1268,19269,20231,18684,20093
1269,19259,20223,18674,20081
1270,19248,20215,18662,20068
1271,19237,20205,18650,20052
1272,19225,20192,18638,20036
1273,19212,20177,18625,20019
1274,19198,20161,18612,20003
1275,19183,20145,18601,19989
1276,19170,20133,18592,19980
1277,19159,20124,18585,19974
1278,19152,20120,18579,19972
1279,19148,20119,18575,19974
1280,19146,20120,18570,19976
1281,19146,20120,18565,19976
1282,19147,20118,18560,19974
1283,19147,20115,18556,19969
1284,19146,20111,18553,19960
1285,19145,20107,18552,19951
1286,19145,20105,18554,19944
1287,19145,20103,18558,19939
1288,19146,20103,18564,19937
1289,19147,20101,18569,19937
1290,19148,20099,18573,19938
1291,19148,20096,18575,19940
1292,19149,20094,18577,19943
1293,19152,20093,18579,19948
1294,19158,20096,18583,19956
1295,19166,20102,18589,19965
1296,19175,20110,18599,19976
1297,19185,20120,18611,19985
1298,19194,20131,18623,19994
1299,19201,20143,18634,20000
1300,19208,20154,18644,20006
1301,19214,20164,18654,20012
1302,19221,20173,18662,20020
1303,19230,20179,18672,20029
1304,19239,20182,18681,20040
1305,19249,20181,18692,20052
1306,19260,20179,18703,20062
1307,19270,20177,18713,20072
1308,19281,20178,18723,20079
1309,19291,20182,18733,20086
1310,19301,20189,18742,20092
1311,19311,20199,18753,20100
1312,19322,20209,18766,20109
1313,19334,20221,18781,20121
1314,19348,20234,18799,20137
1315,19363,20250,18818,20156
1316,19381,20270,18839,20177
1317,19400,20291,18859,20199
1318,19420,20314,18879,20222
1319,19441,20334,18898,20244
1320,19461,20352,18915,20264
1321,19480,20366,18932,20283
1322,19499,20378,18950,20302
1323,19518,20392,18969,20322
1324,19538,20408,18991,20342
1325,19561,20429,19016,20365
1326,19586,20455,19044,20390
1327,19613,20483,19074,20418
1328,19641,20513,19104,20446
1329,19670,20541,19135,20475
1330,19697,20568,19166,20503
1331,19725,20592,19195,20530
1332,19751,20614,19224,20556
1333,19778,20634,19252,20581
1334,19802,20651,19278,20603
1335,19823,20665,19302,20623
1336,19840,20673,19322,20640
1337,19851,20676,19338,20651
1338,19855,20676,19349,20658
1339,19855,20672,19355,20658
1340,19850,20669,19357,20655
1341,19843,20665,19354,20647
1342,19834,20660,19347,20637
1343,19822,20653,19337,20626
1344,19808,20643,19322,20612
1345,19791,20628,19305,20595
1346,19770,20610,19285,20576
1347,19748,20590,19263,20554
1348,19725,20570,19240,20531
1349,19703,20550,19217,20508
1350,19682,20530,19194,20485
1351,19662,20510,19172,20462
1352,19642,20490,19150,20438
1353,19621,20469,19130,20414
1354,19600,20447,19110,20390
1355,19579,20426,19092,20367
1356,19558,20407,19077,20345
1357,19540,20389,19064,20327
1358,19525,20373,19055,20313
1359,19514,20360,19048,20302
1360,19508,20348,19042,20295
1361,19504,20338,19038,20290
1362,19503,20331,19034,20287
1363,19503,20327,19031,20286
1364,19504,20325,19029,20287
1365,19507,20325,19028,20290
1366,19511,20326,19030,20295
1367,19517,20329,19035,20302
1368,19526,20334,19043,20309
1369,19536,20342,19055,20318
1370,19547,20352,19069,20326
1371,19558,20363,19084,20335
1372,19568,20372,19099,20344
1373,19576,20379,19111,20353
1374,19582,20384,19121,20362
1375,19587,20386,19129,20371
1376,19591,20387,19134,20380
1377,19593,20390,19138,20388
1378,19595,20394,19141,20394
1379,19595,20399,19143,20398
1380,19594,20402,19143,20399
1381,19591,20403,19141,20396
1382,19587,20399,19137,20390
1383,19582,20390,19130,20381
1384,19575,20377,19123,20370
1385,19568,20363,19114,20358
1386,19560,20347,19105,20344
1387,19550,20332,19096,20331
1388,19539,20318,19086,20319
1389,19527,20305,19076,20306
1390,19513,20292,19067,20294
1391,19498,20280,19058,20282
1392,19485,20269,19050,20269
1393,19474,20258,19042,20256
1394,19466,20250,19036,20244
1395,19460,20242,19032,20233
1396,19455,20237,19029,20226
1397,19451,20231,19026,20221
1398,19444,20225,19024,20217
1399,19435,20216,19020,20211
1400,19424,20205,19014,20202
1401,19411,20192,19005,20190
1402,19396,20177,18994,20174
1403,19381,20161,18981,20155
1404,19364,20144,18966,20136
1405,19347,20125,18949,20117
1406,19328,20105,18931,20099
1407,19308,20085,18911,20080
1408,19287,20065,18891,20062
1409,19266,20045,18869,20043
1410,19246,20026,18849,20023
1411,19226,20008,18830,20004
1412,19207,19989,18813,19985
1413,19190,19969,18798,19965
1414,19174,19947,18784,19946
1415,19159,19925,18769,19926
1416,19144,19902,18754,19905
1417,19129,19880,18737,19882
1418,19114,19860,18719,19859
1419,19098,19842,18701,19836
1420,19082,19827,18684,19815
1421,19066,19814,18667,19797
1422,19048,19801,18651,19781
1423,19031,19789,18636,19766
1424,19013,19776,18621,19753
1425,18997,19763,18607,19740
1426,18983,19750,18595,19728
1427,18973,19737,18585,19715
1428,18965,19726,18577,19704
1429,18960,19716,18569,19693
1430,18955,19708,18562,19684
1431,18950,19700,18554,19674
1432,18944,19693,18546,19665
1433,18935,19687,18539,19657
1434,18924,19682,18533,19650
1435,18913,19677,18528,19644
1436,18902,19674,18526,19640
1437,18894,19672,18525,19639
1438,18890,19671,18526,19641
1439,18889,19671,18530,19645
1440,18892,19674,18535,19652
1441,18897,19679,18544,19660
1442,18903,19686,18554,19670
1443,18911,19694,18568,19680
1444,18921,19702,18583,19691
1445,18932,19711,18600,19702
1446,18947,19721,18618,19715
1447,18965,19732,18637,19729
1448,18986,19745,18656,19745
1449,19008,19760,18677,19763
1450,19031,19777,18698,19782
1451,19053,19793,18719,19801
1452,19073,19808,18740,19820
1453,19092,19821,18760,19838
1454,19109,19833,18779,19855
1455,19124,19842,18796,19870
1456,19137,19848,18811,19882
1457,19146,19852,18821,19891
1458,19151,19853,18827,19895
1459,19150,19849,18829,19895
1460,19145,19840,18826,19891
1461,19134,19827,18820,19882
1462,19119,19807,18810,19870
1463,19101,19785,18796,19854
1464,19080,19759,18778,19834
1465,19058,19733,18756,19810
1466,19033,19707,18731,19782
1467,19005,19680,18701,19749
1468,18973,19651,18668,19711
1469,18937,19619,18632,19670
1470,18897,19585,18594,19627
1471,18853,19549,18556,19584
1472,18808,19511,18517,19542
1473,18765,19474,18480,19502
1474,18725,19437,18445,19464
1475,18690,19401,18412,19429
1476,18661,19367,18381,19396
1477,18636,19336,18354,19367
1478,18614,19307,18328,19341
1479,18593,19281,18305,19319
1480,18573,19258,18285,19299
1481,18552,19237,18266,19282
1482,18533,19219,18249,19268
1483,18515,19202,18234,19254
1484,18501,19188,18220,19241
1485,18490,19177,18208,19229
1486,18480,19167,18197,19216
1487,18473,19160,18188,19203
1488,18466,19155,18180,19192
1489,18458,19150,18173,19183
1490,18450,19146,18169,19176
1491,18441,19142,18167,19172
1492,18434,19139,18166,19169
1493,18429,19137,18167,19167
1494,18426,19136,18169,19167
1495,18427,19136,18171,19168
1496,18431,19135,18173,19169
1497,18438,19133,18174,19170
1498,18445,19129,18174,19170
1499,18452,19125,18174,19170
1500,18458,19121,18175,19169
1501,18462,19120,18178,19169
1502,18464,19121,18181,19169
1503,18462,19124,18186,19171
1504,18459,19128,18190,19173
1505,18456,19132,18195,19176
1506,18455,19135,18199,19179
1507,18456,19139,18204,19182
1508,18462,19142,18208,19185
1509,18470,19147,18213,19190
1510,18480,19152,18218,19196
1511,18491,19156,18224,19204
1512,18501,19160,18229,19211
1513,18510,19162,18236,19219
1514,18518,19164,18242,19226
1515,18525,19166,18250,19231
1516,18531,19169,18258,19235
1517,18537,19172,18265,19238
1518,18542,19175,18272,19240
1519,18547,19178,18278,19242
1520,18552,19179,18284,19245
1521,18555,19179,18290,19249
1522,18557,19179,18297,19256
1523,18557,19179,18305,19265
1524,18556,19182,18315,19275
1525,18556,19187,18325,19285
1526,18557,19195,18334,19294
1527,18561,19206,18343,19300
1528,18569,19217,18351,19305
1529,18579,19227,18358,19309
1530,18591,19235,18365,19312
1531,18603,19242,18372,19316
1532,18614,19248,18378,19322
1533,18623,19254,18386,19329
1534,18630,19260,18393,19338
1535,18636,19265,18402,19348
1536,18641,19271,18411,19359
1537,18647,19277,18423,19371
1538,18653,19284,18436,19386
1539,18662,19292,18449,19401
1540,18672,19302,18464,19416
1541,18684,19313,18478,19431
1542,18696,19324,18491,19445
1543,18708,19335,18504,19456
1544,18719,19346,18517,19467
1545,18731,19358,18530,19476
1546,18744,19371,18544,19486
1547,18757,19387,18558,19497
1548,18772,19403,18572,19509
1549,18788,19421,18587,19522
1550,18805,19440,18603,19537
1551,18822,19458,18618,19551
1552,18838,19475,18634,19566
1553,18851,19490,18649,19581
1554,18863,19503,18665,19594
1555,18872,19514,18680,19607
1556,18880,19521,18695,19617
1557,18887,19525,18708,19628
1558,18894,19528,18721,19638
1559,18902,19530,18733,19648
1560,18909,19533,18744,19659
1561,18916,19535,18754,19669
1562,18923,19539,18764,19678
1563,18929,19543,18773,19685
1564,18935,19548,18782,19690
1565,18940,19553,18791,19693
1566,18946,19559,18800,19696
1567,18953,19565,18809,19699
1568,18961,19571,18820,19704
1569,18971,19576,18832,19710
1570,18983,19582,18843,19718
1571,18996,19589,18855,19729
1572,19009,19599,18865,19741
1573,19021,19611,18876,19756
1574,19033,19627,18889,19772
1575,19043,19646,18903,19789
1576,19053,19666,18918,19807
1577,19063,19686,18935,19824
1578,19074,19706,18953,19841
1579,19086,19724,18970,19857
1580,19099,19740,18987,19873
1581,19115,19753,19003,19889
1582,19130,19764,19018,19904
1583,19146,19774,19032,19917
1584,19160,19783,19045,19929
1585,19173,19792,19057,19938
1586,19185,19802,19068,19945
1587,19196,19813,19079,19952
1588,19206,19824,19090,19959
1589,19217,19837,19101,19968
1590,19228,19849,19114,19979
1591,19238,19861,19127,19992
1592,19247,19872,19141,20009
1593,19256,19883,19155,20026
1594,19264,19893,19169,20043
1595,19272,19901,19182,20058
1596,19282,19909,19193,20071
1597,19293,19916,19205,20082
1598,19305,19924,19217,20091
1599,19319,19934,19231,20100
1600,19334,19946,19246,20108
1601,19349,19960,19262,20118
1602,19364,19975,19279,20128
1603,19379,19991,19296,20140
1604,19392,20005,19311,20153
1605,19404,20017,19326,20166
1606,19416,20027,19341,20179
1607,19426,20036,19356,20191
1608,19436,20045,19371,20202
1609,19444,20053,19387,20213
1610,19452,20063,19401,20225
1611,19458,20072,19415,20239
1612,19463,20081,19427,20255
1613,19468,20088,19438,20271
1614,19474,20095,19447,20285
1615,19482,20101,19457,20296
1616,19492,20108,19466,20303
1617,19503,20115,19477,20307
1618,19516,20124,19487,20310
1619,19528,20135,19499,20313
1620,19540,20145,19509,20317
1621,19552,20155,19520,20323
1622,19563,20163,19530,20329
1623,19572,20170,19539,20337
1624,19580,20173,19547,20345
1625,19586,20176,19555,20353
1626,19591,20178,19562,20361
1627,19594,20180,19569,20369
1628,19599,20185,19576,20377
1629,19604,20192,19584,20386
1630,19613,20203,19594,20395
1631,19623,20216,19605,20406
1632,19636,20230,19617,20416
1633,19649,20243,19630,20426
1634,19662,20255,19643,20436
1635,19675,20264,19656,20446
1636,19687,20272,19669,20454
1637,19698,20279,19681,20464
1638,19708,20286,19693,20473
1639,19717,20294,19705,20484
1640,19726,20303,19717,20496
1641,19734,20313,19730,20508
1642,19742,20323,19743,20520
1643,19749,20332,19756,20531
1644,19755,20340,19768,20540
1645,19759,20346,19779,20549
1646,19762,20350,19791,20557
1647,19764,20353,19802,20564
1648,19766,20357,19815,20571
1649,19769,20362,19829,20578
1650,19775,20368,19843,20586
1651,19783,20376,19858,20594
1652,19794,20385,19873,20603
1653,19807,20396,19887,20613
1654,19821,20409,19900,20625
1655,19837,20424,19914,20638
1656,19853,20439,19928,20651
1657,19869,20455,19942,20665
1658,19884,20468,19954,20678
1659,19896,20479,19965,20689
1660,19907,20487,19974,20700
1661,19915,20493,19981,20710
1662,19922,20499,19987,20719
1663,19927,20503,19994,20728
1664,19932,20508,20001,20736
1665,19937,20512,20009,20744
1666,19943,20516,20019,20752
1667,19950,20521,20029,20758
1668,19958,20524,20038,20764
1669,19966,20525,20047,20768
1670,19974,20526,20054,20771
1671,19981,20525,20059,20775
1672,19987,20525,20064,20779
1673,19992,20526,20068,20785
1674,19995,20528,20072,20791
1675,19997,20531,20076,20798
1676,19997,20535,20081,20804
1677,19997,20539,20086,20809
1678,19996,20542,20090,20813
1679,19996,20544,20094,20815
1680,19995,20544,20098,20816
1681,19994,20543,20100,20814
1682,19993,20541,20101,20811
1683,19992,20539,20102,20807
1684,19990,20536,20103,20803
1685,19988,20534,20104,20798
1686,19986,20533,20106,20795
1687,19984,20532,20108,20792
1688,19984,20531,20112,20791
1689,19987,20532,20118,20791
1690,19992,20535,20125,20793
1691,20001,20540,20133,20797
1692,20012,20547,20141,20804
1693,20024,20554,20150,20812
1694,20035,20560,20158,20823
1695,20045,20566,20166,20833
1696,20054,20572,20173,20843
1697,20062,20577,20180,20851
1698,20069,20582,20186,20857
1699,20076,20589,20193,20862
1700,20083,20595,20200,20867
1701,20088,20602,20208,20872
1702,20093,20610,20216,20879
1703,20098,20618,20224,20887
1704,20104,20626,20232,20896
1705,20111,20635,20240,20907
1706,20120,20643,20247,20917
1707,20131,20651,20255,20928
1708,20141,20657,20262,20939
1709,20152,20663,20271,20950
1710,20160,20668,20282,20961
1711,20168,20674,20294,20971
1712,20175,20681,20308,20981
1713,20182,20690,20321,20990
1714,20190,20701,20335,20997
1715,20200,20713,20348,21004
1716,20211,20726,20362,21011
1717,20225,20739,20375,21019
1718,20238,20753,20390,21030
1719,20252,20766,20404,21042
1720,20264,20779,20419,21056
1721,20276,20791,20433,21070
1722,20286,20803,20447,21085
1723,20297,20814,20462,21099
1724,20308,20825,20478,21113
1725,20322,20837,20495,21126
1726,20337,20851,20514,21138
1727,20355,20868,20534,21151
1728,20374,20887,20555,21164
1729,20393,20906,20575,21178
1730,20411,20924,20593,21193
1731,20428,20941,20609,21209
1732,20445,20957,20624,21225
1733,20462,20971,20639,21242
1734,20479,20984,20654,21258
1735,20494,20997,20671,21275
1736,20509,21011,20690,21293
1737,20523,21026,20710,21311
1738,20536,21042,20730,21329
1739,20551,21058,20751,21347
1740,20568,21074,20770,21364
1741,20587,21090,20790,21380
1742,20608,21105,20809,21396
1743,20628,21120,20828,21411
1744,20647,21134,20847,21428
1745,20663,21148,20867,21445
1746,20677,21161,20886,21463
1747,20689,21173,20905,21481
1748,20701,21185,20923,21498
1749,20714,21197,20941,21516
1750,20729,21210,20958,21533
1751,20746,21225,20976,21551
1752,20764,21242,20996,21572
1753,20784,21261,21017,21595
1754,20804,21281,21041,21622
1755,20824,21303,21066,21651
1756,20844,21326,21091,21679
1757,20864,21349,21116,21705
1758,20886,21372,21140,21727
1759,20908,21394,21162,21745
1760,20931,21414,21182,21760
1761,20953,21433,21201,21773
1762,20974,21451,21220,21786
1763,20994,21469,21239,21800
1764,21013,21490,21259,21815
1765,21032,21513,21280,21831
1766,21052,21538,21304,21850
1767,21074,21563,21329,21872
1768,21098,21586,21355,21896
1769,21122,21607,21382,21921
1770,21148,21624,21407,21946
1771,21174,21639,21431,21970
1772,21199,21654,21453,21993
1773,21223,21669,21475,22014
1774,21246,21687,21495,22035
1775,21267,21709,21516,22056
1776,21287,21733,21536,22077
1777,21306,21758,21557,22099
1778,21324,21783,21579,22123
1779,21340,21808,21601,22147
1780,21357,21831,21626,22171
1781,21374,21853,21651,22196
1782,21394,21875,21677,22219
1783,21417,21895,21703,22243
1784,21442,21915,21730,22266
1785,21470,21935,21757,22289
1786,21499,21955,21784,22313
1787,21527,21977,21811,22337
1788,21554,22000,21838,22361
1789,21579,22023,21864,22384
1790,21602,22046,21890,22406
1791,21623,22067,21914,22426
1792,21643,22086,21937,22445
1793,21662,22105,21959,22463
1794,21680,22122,21982,22482
1795,21697,22139,22004,22501
1796,21713,22156,22026,22522
1797,21728,22173,22048,22543
1798,21743,22189,22067,22564
1799,21759,22205,22085,22583
1800,21777,22221,22102,22599
1801,21796,22236,22119,22614
1802,21815,22251,22136,22627
1803,21835,22266,22153,22641
1804,21854,22281,22172,22655
1805,21872,22298,22192,22672
1806,21890,22316,22213,22691
1807,21907,22335,22235,22711
1808,21924,22355,22258,22732
1809,21942,22375,22280,22753
1810,21961,22394,22302,22773
1811,21980,22412,22323,22793
1812,22002,22429,22342,22812
1813,22025,22448,22361,22831
1814,22048,22468,22379,22852
1815,22072,22489,22397,22872
1816,22095,22510,22415,22892
1817,22117,22530,22432,22910
1818,22136,22548,22450,22927
1819,22153,22562,22467,22942
1820,22169,22574,22483,22955
1821,22183,22585,22498,22969
1822,22197,22597,22512,22984
1823,22212,22611,22527,23000
1824,22228,22626,22543,23017
1825,22245,22642,22560,23035
1826,22262,22658,22578,23051
1827,22281,22674,22597,23067
1828,22299,22690,22617,23082
1829,22316,22706,22637,23095
1830,22332,22722,22657,23108
1831,22346,22737,22676,23122
1832,22359,22751,22694,23135
1833,22370,22764,22709,23149
1834,22382,22776,22723,23163
1835,22393,22788,22735,23176
1836,22406,22802,22747,23189
1837,22418,22816,22759,23201
1838,22430,22831,22773,23213
1839,22442,22846,22787,23223
1840,22454,22860,22803,23233
1841,22466,22874,22820,23243
1842,22480,22888,22836,23254
1843,22495,22903,22852,23265
1844,22511,22919,22867,23279
1845,22525,22935,22880,23292
1846,22536,22949,22892,23305
1847,22546,22961,22903,23317
1848,22554,22968,22914,23328
1849,22562,22973,22925,23336
1850,22572,22976,22936,23344
1851,22583,22978,22947,23352
1852,22596,22980,22957,23361
1853,22609,22982,22967,23372
1854,22621,22983,22977,23382
1855,22632,22984,22985,23393
1856,22641,22987,22994,23401
1857,22648,22992,23001,23408
1858,22655,22999,23008,23412
1859,22662,23010,23016,23414
1860,22668,23022,23024,23416
1861,22675,23034,23032,23418
1862,22681,23045,23042,23421
1863,22688,23055,23053,23425
1864,22695,23062,23066,23431
1865,22701,23068,23079,23438
1866,22709,23074,23092,23447
1867,22716,23081,23104,23456
1868,22724,23088,23115,23467
1869,22733,23096,23124,23479
1870,22741,23104,23132,23490
1871,22750,23112,23138,23500
1872,22758,23120,23143,23509
1873,22766,23127,23147,23515
1874,22774,23133,23150,23519
1875,22780,23138,23151,23523
1876,22784,23142,23152,23525
1877,22787,23144,23152,23528
1878,22788,23145,23153,23531
1879,22788,23146,23156,23534
1880,22788,23147,23160,23536
1881,22789,23148,23166,23539
1882,22792,23148,23172,23541
1883,22795,23147,23179,23542
1884,22800,23145,23184,23543
1885,22804,23143,23187,23543
1886,22807,23141,23190,23542
1887,22809,23141,23192,23540
1888,22811,23142,23194,23538
1889,22813,23145,23196,23536
1890,22817,23151,23199,23534
1891,22822,23159,23203,23534
1892,22829,23167,23209,23535
1893,22837,23176,23215,23537
1894,22843,23184,23221,23540
1895,22847,23190,23226,23544
1896,22848,23193,23230,23548
1897,22848,23194,23232,23552
1898,22846,23192,23233,23555
1899,22846,23190,23234,23558
1900,22846,23189,23235,23559
1901,22849,23190,23238,23560
1902,22853,23194,23242,23561
1903,22859,23200,23247,23563
1904,22865,23206,23254,23566
1905,22871,23210,23261,23570
1906,22875,23211,23269,23576
1907,22878,23208,23277,23583
1908,22880,23203,23283,23591
1909,22880,23198,23288,23598
1910,22880,23193,23291,23604
1911,22879,23191,23294,23610
1912,22879,23190,23297,23616
1913,22880,23190,23300,23620
1914,22881,23192,23304,23623
1915,22883,23195,23307,23624
1916,22886,23198,23308,23621
1917,22889,23202,23308,23614
1918,22892,23204,23307,23604
1919,22893,23204,23305,23593
1920,22894,23202,23303,23582
1921,22894,23200,23302,23575
1922,22895,23197,23303,23572
1923,22899,23197,23307,23572
1924,22905,23198,23314,23576
1925,22914,23200,23321,23583
1926,22924,23203,23329,23590
1927,22932,23206,23337,23596
1928,22938,23209,23343,23602
1929,22940,23211,23348,23606
1930,22938,23212,23351,23609
1931,22936,23213,23353,23611
1932,22934,23215,23355,23612
1933,22934,23217,23358,23615
1934,22938,23221,23361,23618
1935,22944,23227,23366,23624
1936,22952,23234,23371,23630
1937,22961,23243,23377,23636
1938,22969,23253,23383,23642
1939,22977,23262,23389,23646
1940,22984,23272,23396,23650
1941,22990,23280,23403,23654
1942,22997,23286,23411,23658
1943,23003,23290,23418,23663
1944,23008,23293,23425,23668
1945,23012,23294,23431,23673
1946,23017,23296,23437,23678
1947,23021,23298,23441,23683
1948,23027,23301,23445,23689
1949,23033,23307,23449,23694
1950,23040,23313,23452,23701
1951,23046,23321,23456,23707
1952,23053,23327,23460,23713
1953,23057,23332,23465,23719
1954,23061,23333,23470,23722
1955,23063,23330,23474,23724
1956,23065,23326,23478,23724
1957,23066,23322,23483,23723
1958,23068,23322,23489,23722
1959,23072,23326,23497,23724
1960,23078,23336,23508,23728
1961,23088,23350,23521,23736
1962,23101,23366,23536,23745
1963,23115,23381,23551,23756
1964,23131,23394,23564,23767
1965,23146,23404,23576,23777
1966,23159,23413,23587,23786
1967,23172,23421,23596,23795
1968,23186,23431,23607,23804
1969,23201,23444,23619,23814
1970,23219,23460,23633,23825
1971,23237,23479,23649,23837
1972,23255,23498,23666,23850
1973,23269,23515,23681,23863
1974,23278,23529,23694,23876
1975,23281,23538,23704,23888
1976,23281,23544,23712,23899
1977,23279,23548,23720,23909
1978,23280,23552,23728,23919
1979,23284,23558,23737,23927
1980,23292,23566,23748,23935
1981,23305,23577,23759,23943
1982,23320,23590,23771,23950
1983,23336,23604,23783,23958
1984,23351,23620,23797,23969
1985,23365,23635,23811,23981
1986,23378,23650,23825,23995
1987,23391,23663,23839,24010
1988,23406,23674,23853,24024
1989,23422,23683,23866,24038
1990,23440,23692,23879,24050
1991,23459,23700,23891,24063
1992,23477,23708,23903,24076
1993,23495,23720,23917,24090
1994,23512,23733,23933,24105
1995,23528,23749,23950,24120
1996,23543,23765,23968,24134
1997,23557,23782,23987,24146
1998,23570,23798,24006,24158
1999,23584,23813,24024,24170
2000,23599,23827,24041,24182
2001,23614,23843,24057,24197
2002,23630,23860,24072,24212
2003,23647,23877,24088,24229
2004,23665,23894,24104,24246
2005,23683,23911,24121,24263
2006,23701,23927,24138,24280
2007,23719,23942,24157,24298
2008,23737,23958,24176,24316
2009,23755,23976,24197,24334
2010,23774,23994,24217,24353
2011,23793,24013,24237,24373
2012,23812,24032,24256,24391
2013,23831,24050,24273,24408
2014,23849,24066,24289,24424
2015,23866,24082,24306,24439
2016,23883,24096,24323,24454
2017,23899,24111,24342,24470
2018,23916,24124,24361,24485
2019,23933,24137,24380,24500
2020,23951,24149,24399,24514
2021,23968,24162,24417,24526
2022,23983,24175,24435,24537
2023,23996,24189,24451,24548
2024,24007,24203,24466,24558
2025,24017,24217,24480,24569
2026,24027,24232,24494,24582
2027,24039,24246,24507,24597
2028,24053,24259,24521,24614
2029,24070,24274,24535,24632
2030,24087,24289,24551,24651
2031,24105,24305,24568,24669
2032,24123,24322,24586,24685
2033,24140,24339,24605,24700
2034,24158,24356,24623,24712
2035,24177,24372,24641,24724
2036,24197,24387,24659,24735
2037,24219,24403,24676,24747
2038,24241,24418,24693,24760
2039,24262,24433,24710,24774
2040,24280,24447,24727,24789
2041,24296,24460,24743,24804
2042,24309,24474,24759,24819
2043,24320,24487,24774,24834
2044,24331,24501,24788,24847
2045,24344,24515,24801,24858
2046,24359,24529,24812,24868
2047,24376,24543,24823,24877
2048,24394,24557,24833,24887
2049,24413,24570,24844,24899
2050,24431,24582,24857,24912
2051,24448,24595,24872,24926
2052,24462,24609,24889,24941
2053,24474,24623,24906,24956
2054,24482,24639,24922,24969
2055,24489,24654,24937,24981
2056,24495,24667,24950,24991
2057,24501,24679,24960,25000
2058,24508,24688,24968,25008
2059,24518,24696,24975,25016
2060,24531,24703,24983,25024
2061,24546,24710,24992,25033
2062,24562,24719,25003,25043
2063,24579,24729,25017,25054
2064,24596,24739,25034,25064
2065,24611,24749,25051,25074
2066,24623,24759,25067,25082
2067,24632,24767,25082,25090
2068,24639,24776,25093,25097
2069,24646,24786,25103,25105
2070,24653,24796,25112,25114
2071,24661,24808,25120,25124
2072,24670,24820,25128,25135
2073,24680,24830,25137,25148
2074,24689,24839,25147,25160
2075,24699,24846,25158,25172
2076,24708,24852,25169,25182
2077,24718,24858,25179,25192
2078,24728,24864,25188,25200
2079,24738,24872,25195,25207
2080,24747,24879,25202,25213
2081,24757,24887,25207,25218
2082,24766,24895,25213,25222
2083,24776,24903,25220,25225
2084,24786,24913,25228,25228
2085,24797,24923,25236,25230
2086,24808,24935,25245,25234
2087,24817,24947,25253,25238
2088,24825,24958,25260,25243
2089,24831,24968,25265,25248
2090,24836,24974,25268,25253
2091,24840,24977,25271,25257
2092,24843,24977,25273,25261
2093,24847,24974,25276,25264
2094,24850,24969,25280,25267
2095,24853,24965,25285,25270
2096,24854,24962,25290,25272
2097,24854,24962,25294,25273
2098,24855,24965,25297,25273
2099,24857,24969,25300,25273
2100,24863,24975,25302,25272
2101,24871,24980,25304,25270
2102,24880,24983,25306,25268
2103,24888,24986,25309,25268
2104,24895,24989,25312,25269
2105,24899,24992,25316,25272
2106,24901,24995,25319,25275
2107,24902,24998,25323,25279
2108,24902,25000,25326,25283
2109,24901,25001,25329,25287
2110,24902,25003,25333,25292
2111,24902,25005,25337,25297
2112,24904,25009,25341,25302
2113,24906,25015,25346,25306
2114,24909,25021,25350,25308
2115,24912,25027,25353,25309
2116,24915,25030,25355,25308
2117,24917,25030,25357,25304
2118,24920,25028,25357,25299
2119,24921,25025,25358,25294
2120,24923,25022,25358,25289
2121,24924,25017,25358,25284
2122,24924,25012,25357,25279
2123,24924,25007,25355,25275
2124,24923,25003,25353,25271
2125,24921,25000,25350,25267
2126,24920,24999,25348,25263
2127,24919,24999,25347,25260
2128,24919,24999,25347,25258
2129,24921,24999,25348,25257
2130,24923,24999,25349,25257
2131,24926,24999,25349,25258
2132,24929,24999,25347,25260
2133,24931,24999,25345,25263
2134,24933,24998,25343,25267
2135,24933,24996,25342,25270
2136,24932,24992,25341,25271
2137,24930,24986,25340,25268
2138,24927,24980,25338,25263
2139,24924,24973,25335,25255
2140,24922,24968,25331,25246
2141,24920,24963,25327,25236
2142,24919,24960,25323,25226
2143,24918,24957,25319,25216
2144,24916,24954,25315,25205
2145,24912,24950,25311,25196
2146,24907,24947,25307,25188
2147,24902,24944,25304,25183
2148,24898,24941,25300,25181
2149,24893,24938,25298,25180
2150,24890,24935,25296,25180
2151,24887,24931,25295,25180
2152,24884,24926,25294,25176
2153,24882,24921,25294,25171
2154,24880,24916,25294,25164
2155,24879,24912,25294,25157
2156,24876,24909,25292,25150
2157,24872,24907,25289,25143
2158,24865,24907,25283,25136
2159,24857,24906,25276,25129
2160,24848,24905,25268,25122
2161,24841,24903,25260,25115
2162,24837,24899,25255,25109
2163,24835,24893,25251,25103
2164,24835,24886,25249,25097
2165,24835,24878,25246,25092
2166,24834,24870,25243,25086
2167,24831,24862,25238,25080
2168,24828,24856,25232,25071
2169,24824,24851,25225,25062
2170,24822,24848,25218,25052
2171,24820,24845,25211,25043
2172,24819,24843,25205,25035
2173,24816,24839,25198,25028
2174,24812,24833,25192,25023
2175,24805,24826,25185,25018
2176,24798,24817,25178,25014
2177,24790,24808,25171,25009
2178,24784,24799,25166,25003
2179,24779,24791,25162,24997
2180,24777,24785,25160,24990
2181,24776,24779,25157,24983
2182,24775,24774,25154,24976
2183,24773,24767,25149,24970
2184,24772,24759,25142,24964
2185,24771,24752,25134,24959
2186,24772,24746,25127,24952
2187,24772,24742,25120,24945
2188,24771,24738,25114,24937
2189,24768,24736,25108,24928
2190,24762,24733,25103,24917
2191,24753,24730,25098,24907
2192,24743,24726,25093,24898
2193,24732,24722,25087,24889
2194,24721,24717,25080,24880
2195,24712,24710,25073,24871
2196,24703,24702,25065,24861
2197,24694,24691,25057,24851
2198,24685,24679,25049,24840
2199,24677,24667,25040,24829
2200,24670,24658,25032,24819
2201,24666,24651,25026,24811
2202,24664,24646,25021,24805
2203,24662,24642,25017,24801
2204,24660,24637,25014,24798
2205,24656,24631,25010,24794
2206,24650,24625,25006,24789
2207,24643,24618,25001,24782
2208,24635,24610,24993,24773
2209,24627,24602,24985,24764
2210,24619,24595,24976,24755
2211,24612,24587,24967,24747
2212,24607,24580,24958,24738
2213,24602,24574,24950,24729
2214,24597,24568,24943,24721
2215,24593,24562,24936,24712
2216,24589,24557,24929,24704
2217,24584,24553,24923,24697
2218,24578,24549,24916,24690
2219,24571,24545,24910,24684
2220,24563,24541,24905,24678
2221,24552,24537,24899,24671
2222,24541,24532,24892,24665
2223,24530,24525,24884,24657
2224,24518,24516,24876,24650
2225,24508,24508,24866,24642
2226,24499,24499,24857,24635
2227,24492,24491,24849,24628
2228,24487,24484,24842,24620
2229,24484,24476,24836,24611
2230,24481,24467,24832,24601
2231,24480,24458,24827,24588
2232,24479,24449,24822,24576
2233,24479,24441,24817,24563
2234,24479,24436,24812,24553
2235,24479,24432,24807,24544
2236,24476,24427,24801,24537
2237,24472,24421,24795,24529
2238,24465,24411,24788,24522
2239,24459,24399,24781,24513
2240,24454,24386,24774,24505
2241,24452,24374,24767,24497
2242,24452,24366,24762,24490
2243,24454,24359,24757,24484
2244,24455,24355,24752,24479
2245,24454,24350,24746,24473
2246,24450,24346,24739,24466
2247,24446,24341,24731,24459
2248,24440,24336,24723,24452
2249,24434,24331,24714,24443
2250,24428,24324,24705,24434
2251,24421,24316,24695,24425
2252,24412,24306,24685,24416
2253,24400,24295,24676,24407
2254,24388,24282,24666,24399
2255,24374,24268,24656,24391
2256,24361,24253,24645,24382
2257,24347,24238,24633,24370
2258,24335,24223,24621,24357
2259,24325,24210,24609,24342
2260,24317,24199,24599,24329
2261,24312,24192,24592,24318
2262,24309,24189,24587,24310
2263,24307,24188,24584,24305
2264,24307,24188,24583,24301
2265,24306,24187,24581,24297
2266,24305,24186,24577,24291
2267,24303,24183,24572,24282
2268,24300,24180,24565,24272
2269,24294,24176,24556,24260
2270,24285,24171,24546,24249
2271,24275,24164,24535,24238
2272,24264,24156,24525,24229
2273,24254,24147,24514,24221
2274,24245,24137,24505,24213
2275,24238,24126,24496,24204
2276,24231,24116,24487,24192
2277,24226,24106,24479,24177
2278,24220,24098,24470,24160
2279,24214,24090,24460,24143
2280,24207,24081,24450,24127
2281,24199,24071,24441,24114
2282,24189,24060,24432,24103
2283,24180,24048,24423,24095
2284,24171,24037,24415,24089
2285,24163,24028,24408,24082
2286,24157,24020,24402,24076
2287,24152,24014,24395,24068
2288,24146,24008,24389,24061
2289,24140,24001,24381,24052
2290,24132,23992,24374,24043
2291,24124,23980,24365,24034
2292,24115,23967,24356,24024
2293,24106,23956,24347,24015
2294,24098,23947,24339,24006
2295,24091,23940,24331,23998
2296,24084,23935,24323,23988
2297,24076,23930,24314,23978
2298,24066,23924,24304,23966
2299,24055,23915,24293,23953
2300,24042,23905,24280,23939
2301,24028,23893,24266,23924
2302,24016,23879,24251,23909
2303,24006,23865,24238,23895
2304,23999,23850,24226,23882
2305,23994,23835,24215,23872
2306,23990,23820,24207,23863
2307,23984,23806,24198,23855
2308,23978,23793,24190,23847
2309,23969,23782,24181,23840
2310,23958,23771,24171,23831
2311,23947,23761,24160,23822
2312,23936,23751,24149,23810
2313,23926,23740,24138,23797
2314,23917,23730,24127,23781
2315,23910,23720,24117,23765
2316,23903,23710,24107,23749
2317,23897,23699,24097,23735
2318,23889,23689,24087,23722
2319,23880,23678,24077,23712
2320,23870,23667,24069,23703
2321,23861,23659,24062,23698
2322,23856,23653,24059,23694
2323,23858,23653,24060,23695
2324,23867,23658,24064,23700
2325,23882,23667,24072,23708
2326,23900,23680,24081,23718
2327,23916,23693,24089,23727
2328,23927,23703,24095,23734
2329,23930,23707,24095,23734
2330,23925,23703,24089,23726
2331,23912,23690,24076,23709
2332,23892,23668,24058,23684
2333,23867,23639,24035,23653
2334,23837,23607,24009,23620
2335,23804,23572,23981,23586
2336,23769,23536,23950,23554
2337,23734,23502,23918,23522
2338,23700,23470,23886,23492
2339,23668,23440,23853,23462
2340,23639,23412,23821,23433
2341,23612,23388,23790,23406
2342,23588,23365,23762,23381
2343,23565,23343,23738,23358
2344,23544,23323,23716,23338
2345,23526,23303,23697,23320
2346,23509,23284,23680,23302
2347,23494,23264,23663,23284
2348,23479,23246,23646,23265
2349,23464,23227,23629,23245
2350,23447,23209,23612,23223
2351,23429,23190,23595,23202
2352,23410,23172,23579,23180
2353,23392,23155,23565,23161
2354,23376,23138,23551,23144
2355,23361,23123,23537,23128
2356,23348,23109,23523,23113
2357,23334,23095,23508,23098
2358,23320,23080,23491,23083
2359,23303,23063,23472,23066
2360,23285,23042,23452,23047
2361,23265,23019,23430,23026
2362,23246,22993,23408,23004
2363,23227,22969,23387,22981
2364,23209,22947,23366,22957
2365,23191,22928,23345,22933
2366,23173,22911,23326,22910
2367,23155,22894,23307,22887
2368,23136,22876,23289,22865
2369,23116,22857,23271,22842
2370,23095,22835,23253,22821
2371,23074,22813,23234,22799
2372,23053,22791,23215,22779
2373,23033,22770,23195,22759
2374,23014,22751,23174,22740
2375,22996,22731,23153,22722
2376,22978,22711,23133,22703
2377,22961,22689,23113,22683
2378,22943,22666,23095,22663
2379,22924,22642,23076,22642
2380,22904,22620,23057,22623
2381,22884,22599,23038,22603
2382,22863,22579,23018,22585
2383,22843,22560,22997,22566
2384,22823,22541,22976,22545
2385,22803,22522,22955,22523
2386,22782,22502,22934,22500
2387,22762,22481,22912,22477
2388,22740,22460,22891,22454
2389,22719,22438,22869,22431
2390,22696,22415,22848,22408
2391,22673,22390,22825,22384
2392,22650,22365,22802,22359
2393,22626,22339,22778,22334
2394,22601,22314,22754,22308
2395,22577,22290,22730,22282
2396,22553,22267,22708,22256
2397,22531,22245,22686,22231
2398,22508,22223,22664,22207
2399,22486,22200,22641,22184
2400,22465,22177,22618,22162
2401,22444,22153,22594,22141
2402,22424,22128,22570,22120
2403,22405,22103,22547,22098
2404,22385,22079,22524,22077
2405,22365,22056,22501,22056
2406,22344,22034,22479,22034
2407,22321,22014,22457,22012
2408,22298,21993,22435,21988
2409,22274,21972,22413,21963
2410,22250,21949,22391,21937
2411,22225,21925,22370,21909
2412,22201,21900,22349,21880
2413,22176,21873,22327,21852
2414,22152,21846,22304,21823
2415,22128,21819,22281,21794
2416,22104,21791,22255,21767
2417,22079,21764,22229,21740
2418,22053,21738,22202,21715
2419,22026,21711,22175,21690
2420,21998,21683,22149,21665
2421,21970,21654,22123,21640
2422,21941,21625,22098,21615
2423,21912,21594,22072,21587
2424,21883,21563,22044,21558
2425,21853,21532,22017,21526
2426,21825,21501,21988,21492
2427,21798,21470,21959,21458
2428,21774,21439,21931,21426
2429,21752,21409,21903,21396
2430,21730,21380,21874,21368
2431,21709,21353,21845,21341
2432,21686,21326,21815,21316
2433,21661,21300,21784,21291
2434,21634,21272,21754,21267
2435,21607,21244,21726,21244
2436,21580,21217,21701,21222
2437,21554,21189,21677,21200
2438,21528,21163,21656,21177
2439,21502,21138,21635,21153
2440,21476,21113,21613,21128
2441,21450,21088,21589,21100
2442,21425,21064,21564,21072
2443,21400,21039,21538,21043
2444,21376,21013,21511,21016
2445,21352,20987,21484,20989
2446,21327,20959,21457,20964
2447,21302,20930,21430,20940
2448,21275,20902,21403,20916
2449,21249,20875,21376,20891
2450,21223,20849,21349,20866
2451,21197,20826,21322,20842
2452,21170,20802,21296,20817
2453,21142,20777,21268,20791
2454,21112,20748,21240,20763
2455,21080,20716,21211,20733
2456,21047,20681,21181,20700
2457,21015,20646,21150,20667
2458,20985,20612,21120,20633
2459,20958,20580,21092,20599
2460,20932,20550,21064,20567
2461,20906,20520,21036,20536
2462,20879,20492,21008,20504
2463,20850,20464,20979,20471
2464,20819,20435,20949,20438
2465,20788,20407,20918,20403
2466,20756,20380,20887,20369
2467,20726,20352,20857,20338
2468,20698,20325,20830,20309
2469,20671,20300,20804,20283
2470,20646,20275,20780,20260
2471,20622,20249,20754,20236
2472,20597,20222,20727,20211
2473,20572,20193,20699,20183
2474,20547,20162,20669,20151
2475,20520,20128,20638,20118
2476,20491,20093,20606,20083
2477,20461,20056,20574,20048
2478,20429,20017,20543,20015
2479,20396,19977,20511,19983
2480,20362,19938,20479,19954
2481,20329,19901,20448,19926
2482,20298,19869,20417,19899
2483,20268,19842,20387,19873
2484,20240,19818,20357,19847
2485,20213,19796,20329,19821
2486,20186,19773,20301,19795
2487,20160,19749,20275,19769
2488,20132,19722,20251,19742
2489,20104,19693,20227,19714
2490,20075,19663,20204,19685
2491,20047,19633,20180,19655
2492,20018,19603,20154,19625
2493,19991,19574,20126,19594
2494,19964,19545,20097,19563
2495,19937,19515,20065,19533
2496,19909,19485,20032,19502
2497,19880,19453,19999,19472
2498,19849,19421,19965,19442
2499,19817,19390,19932,19413
2500,19786,19360,19901,19384
2501,19755,19332,19873,19355
2502,19726,19305,19847,19326
2503,19699,19278,19824,19298
2504,19674,19251,19801,19270
2505,19649,19221,19778,19242
2506,19624,19190,19753,19213
2507,19597,19158,19724,19182
2508,19569,19126,19693,19150
2509,19538,19094,19659,19116
2510,19505,19063,19623,19081
2511,19471,19031,19587,19045
2512,19435,18999,19551,19008
2513,19400,18966,19517,18972
2514,19368,18933,19484,18939
2515,19338,18900,19454,18908
2516,19310,18869,19425,18880
2517,19284,18839,19397,18854
2518,19258,18811,19370,18829
2519,19231,18785,19343,18803
2520,19201,18761,19314,18778
2521,19169,18738,19284,18752
2522,19134,18714,19251,18724
2523,19099,18687,19218,18695
2524,19063,18656,19184,18665
2525,19027,18622,19151,18633
2526,18994,18584,19118,18601
2527,18962,18546,19087,18569
2528,18932,18508,19057,18536
2529,18905,18471,19029,18505
2530,18878,18436,19001,18474
2531,18853,18404,18974,18444
2532,18827,18374,18947,18415
2533,18800,18345,18920,18386
2534,18771,18316,18891,18358
2535,18740,18286,18861,18328
2536,18707,18255,18830,18299
2537,18674,18223,18798,18270
2538,18640,18190,18765,18240
2539,18606,18155,18733,18210
2540,18573,18119,18701,18180
2541,18540,18082,18670,18148
2542,18508,18045,18639,18115
2543,18476,18008,18608,18081
2544,18445,17973,18577,18047
2545,18415,17942,18545,18012
2546,18385,17914,18514,17978
2547,18355,17887,18482,17947
2548,18325,17861,18453,17919
2549,18295,17835,18424,17892
2550,18265,17808,18398,17868
2551,18235,17780,18371,17843
2552,18206,17751,18345,17818
2553,18178,17721,18317,17792
2554,18151,17690,18288,17763
2555,18124,17657,18258,17732
2556,18097,17624,18227,17698
2557,18069,17591,18196,17663
2558,18041,17560,18165,17629
2559,18013,17531,18136,17597
2560,17985,17505,18109,17568
2561,17958,17480,18082,17542
2562,17930,17456,18055,17517
2563,17901,17431,18027,17491
2564,17871,17404,17997,17461
2565,17839,17373,17964,17426
2566,17807,17338,17930,17388
2567,17775,17300,17895,17348
2568,17742,17261,17860,17309
2569,17710,17222,17827,17272
2570,17677,17185,17796,17240
2571,17645,17151,17768,17212
2572,17614,17120,17741,17188
2573,17584,17092,17715,17166
2574,17555,17065,17689,17143
2575,17526,17039,17662,17119
2576,17497,17014,17633,17093
2577,17468,16987,17604,17064
2578,17439,16959,17574,17034
2579,17412,16929,17545,17002
2580,17386,16900,17516,16972
2581,17361,16870,17487,16943
2582,17335,16841,17459,16916
2583,17308,16813,17429,16890
2584,17280,16786,17399,16866
2585,17252,16758,17368,16842
2586,17224,16729,17338,16818
2587,17195,16700,17309,16792
2588,17167,16671,17280,16766
2589,17138,16643,17252,16739
2590,17107,16616,17225,16711
2591,17076,16591,17197,16682
2592,17042,16564,17169,16652
2593,17008,16536,17141,16620
2594,16974,16505,17113,16587
2595,16941,16472,17084,16553
2596,16908,16437,17055,16519
2597,16877,16402,17026,16486
2598,16847,16368,16998,16456
2599,16820,16337,16971,16429
2600,16796,16310,16946,16406
2601,16776,16285,16922,16386
2602,16760,16262,16897,16367
2603,16745,16240,16871,16347
2604,16727,16217,16844,16325
2605,16704,16192,16815,16298
2606,16675,16166,16785,16268
2607,16641,16139,16755,16234
2608,16605,16111,16727,16200
2609,16567,16081,16699,16167
2610,16531,16051,16672,16136
2611,16497,16020,16646,16106
2612,16465,15991,16620,16079
2613,16437,15963,16594,16052
2614,16411,15936,16569,16026
2615,16389,15911,16543,16000
2616,16368,15886,16517,15974
2617,16347,15859,16490,15948
2618,16325,15830,16462,15920
2619,16301,15798,16434,15892
2620,16275,15765,16405,15863
2621,16248,15731,16375,15834
2622,16222,15698,16346,15806
2623,16196,15667,16319,15778
2624,16170,15639,16294,15750
2625,16143,15612,16271,15723
2626,16116,15587,16249,15697
2627,16086,15562,16228,15672
2628,16054,15538,16207,15647
2629,16021,15514,16183,15622
2630,15988,15489,16159,15598
2631,15957,15465,16134,15573
2632,15928,15441,16109,15549
2633,15901,15415,16084,15525
2634,15876,15389,16060,15500
2635,15853,15362,16035,15476
2636,15830,15334,16010,15450
2637,15807,15306,15984,15424
2638,15783,15279,15958,15398
2639,15759,15252,15933,15371
2640,15734,15225,15907,15344
2641,15709,15199,15882,15317
2642,15683,15172,15856,15289
2643,15657,15146,15831,15261
2644,15632,15121,15805,15233
2645,15607,15097,15779,15205
2646,15582,15075,15753,15178
2647,15557,15052,15728,15150
2648,15531,15029,15703,15124
2649,15505,15005,15678,15097
2650,15481,14979,15654,15072
2651,15458,14951,15631,15047
2652,15435,14922,15609,15023
2653,15413,14892,15588,15000
2654,15389,14863,15566,14977
2655,15365,14833,15544,14955
2656,15338,14804,15521,14932
2657,15312,14776,15496,14908
2658,15285,14747,15469,14883
2659,15260,14720,15442,14856
2660,15235,14692,15415,14828
2661,15209,14665,15389,14801
2662,15183,14638,15362,14774
2663,15155,14612,15337,14749
2664,15127,14587,15313,14724
2665,15099,14562,15289,14699
2666,15071,14537,15266,14675
2667,15044,14514,15243,14651
2668,15019,14492,15220,14628
2669,14994,14470,15197,14606
2670,14970,14448,15175,14584
2671,14946,14425,15152,14564
2672,14922,14402,15130,14543
2673,14898,14380,15108,14521
2674,14874,14358,15086,14498
2675,14850,14336,15063,14474
2676,14825,14314,15039,14449
2677,14801,14289,15015,14423
2678,14776,14261,14990,14397
2679,14753,14232,14965,14371
2680,14729,14202,14940,14346
2681,14705,14173,14915,14322
2682,14681,14147,14892,14300
2683,14657,14123,14868,14277
2684,14633,14101,14846,14255
2685,14610,14080,14823,14232
2686,14588,14060,14801,14208
2687,14567,14040,14778,14184
2688,14545,14020,14754,14159
2689,14522,14001,14730,14135
2690,14499,13981,14708,14111
2691,14475,13960,14686,14088
2692,14450,13938,14666,14066
2693,14426,13915,14647,14046
2694,14403,13892,14629,14027
2695,14381,13867,14611,14009
2696,14360,13843,14592,13990
2697,14339,13819,14571,13969
2698,14317,13796,14549,13945
2699,14295,13774,14525,13918
2700,14271,13753,14501,13891
2701,14247,13732,14476,13863
2702,14222,13710,14453,13836
2703,14196,13687,14430,13811
2704,14170,13664,14407,13787
2705,14146,13640,14385,13765
2706,14124,13616,14362,13742
2707,14105,13592,14339,13720
2708,14087,13569,14316,13698
2709,14069,13547,14293,13675
2710,14048,13525,14272,13652
2711,14026,13504,14250,13628
2712,14002,13483,14229,13604
2713,13978,13461,14209,13581
2714,13955,13439,14190,13559
2715,13934,13417,14172,13541
2716,13914,13396,14154,13525
2717,13895,13375,14136,13510
2718,13877,13356,14118,13497
2719,13859,13338,14099,13483
2720,13841,13321,14080,13468
2721,13823,13303,14061,13452
2722,13805,13284,14041,13434
2723,13786,13263,14021,13414
2724,13765,13240,14000,13394
2725,13742,13215,13978,13372
2726,13719,13190,13956,13349
2727,13696,13165,13934,13327
2728,13674,13143,13913,13305
2729,13651,13122,13894,13284
2730,13627,13103,13875,13263
2731,13604,13084,13855,13242
2732,13580,13064,13836,13221
2733,13557,13042,13815,13198
2734,13535,13020,13794,13175
2735,13514,12999,13772,13151
2736,13494,12978,13750,13127
2737,13472,12958,13729,13103
2738,13450,12938,13709,13081
2739,13427,12918,13690,13060
2740,13407,12897,13672,13040
2741,13389,12877,13655,13023
2742,13375,12859,13639,13006
2743,13363,12842,13624,12990
2744,13351,12824,13607,12974
2745,13338,12804,13590,12958
2746,13322,12782,13570,12940
2747,13302,12756,13548,12920
2748,13279,12727,13525,12899
2749,13254,12697,13500,12876
2750,13228,12668,13475,12853
2751,13202,12641,13452,12831
2752,13178,12616,13430,12811
2753,13155,12593,13410,12793
2754,13133,12570,13391,12776
2755,13112,12545,13372,12760
2756,13091,12520,13352,12743
2757,13069,12494,13332,12723
2758,13046,12469,13311,12701
2759,13022,12447,13289,12677
2760,12999,12428,13267,12650
2761,12975,12410,13245,12623
2762,12952,12392,13223,12594
2763,12928,12373,13199,12566
2764,12904,12353,13176,12538
2765,12881,12333,13153,12513
2766,12858,12314,13132,12490
2767,12836,12295,13112,12470
2768,12815,12276,13092,12451
2769,12794,12257,13073,12433
2770,12770,12236,13053,12414
2771,12745,12212,13031,12393
2772,12719,12187,13007,12370
2773,12692,12161,12981,12346
2774,12666,12135,12954,12323
2775,12641,12110,12928,12301
2776,12619,12086,12903,12281
2777,12598,12062,12880,12263
2778,12579,12040,12858,12245
2779,12561,12018,12838,12228
2780,12544,11997,12819,12211
2781,12527,11978,12802,12192
2782,12511,11959,12786,12172
2783,12493,11939,12769,12150
2784,12473,11918,12752,12125
2785,12452,11896,12733,12097
2786,12428,11872,12712,12069
2787,12405,11848,12690,12042
2788,12384,11825,12667,12017
2789,12365,11803,12645,11995
2790,12348,11782,12625,11976
2791,12331,11763,12606,11958
2792,12313,11744,12586,11942
2793,12293,11725,12567,11926
2794,12273,11707,12547,11910
2795,12252,11690,12527,11895
2796,12232,11673,12506,11878
2797,12212,11656,12486,11861
2798,12192,11638,12465,11843
2799,12171,11621,12445,11822
2800,12149,11603,12425,11800
2801,12127,11586,12405,11776
2802,12106,11569,12385,11752
2803,12085,11551,12364,11728
2804,12064,11531,12343,11705
2805,12043,11510,12323,11683
2806,12021,11488,12302,11663
2807,11999,11464,12282,11644
2808,11976,11440,12264,11627
2809,11953,11416,12246,11610
2810,11931,11393,12230,11593
2811,11910,11371,12215,11577
2812,11889,11350,12200,11561
2813,11870,11330,12184,11544
2814,11852,11311,12166,11526
2815,11834,11292,12147,11508
2816,11816,11273,12126,11489
2817,11798,11254,12103,11468
2818,11780,11236,12081,11447
2819,11760,11217,12059,11425
2820,11741,11197,12039,11403
2821,11721,11176,12020,11382
2822,11702,11155,12001,11361
2823,11682,11133,11983,11340
2824,11661,11109,11963,11319
2825,11639,11086,11944,11300
2826,11617,11062,11924,11281
2827,11595,11041,11905,11263
2828,11574,11021,11887,11245
2829,11557,11004,11869,11227
2830,11541,10988,11852,11210
2831,11528,10971,11835,11192
2832,11515,10954,11817,11174
2833,11503,10938,11800,11157
2834,11490,10922,11784,11143
2835,11478,10909,11770,11131
2836,11466,10897,11757,11122
2837,11454,10886,11746,11114
2838,11443,10874,11735,11106
2839,11430,10859,11723,11096
2840,11417,10843,11711,11085
2841,11404,10826,11698,11074
2842,11391,10809,11685,11063
2843,11378,10793,11672,11052
2844,11365,10779,11660,11043
2845,11352,10767,11649,11035
2846,11338,10757,11638,11027
2847,11322,10749,11628,11017
2848,11305,10742,11617,11007
2849,11288,10736,11608,10996
2850,11271,10730,11598,10984
2851,11257,10724,11589,10972
2852,11245,10716,11581,10960
2853,11235,10707,11572,10948
2854,11227,10696,11564,10938
2855,11221,10683,11556,10929
2856,11217,10671,11549,10920
2857,11213,10658,11542,10912
2858,11209,10646,11535,10905
2859,11205,10636,11529,10899
2860,11200,10627,11524,10895
2861,11196,10619,11520,10894
2862,11191,10613,11517,10895
2863,11188,10608,11514,10898
2864,11187,10605,11513,10902
2865,11187,10604,11512,10905
2866,11189,10606,11513,10910
2867,11193,10612,11516,10915
2868,11200,10620,11521,10922
2869,11208,10630,11530,10930
2870,11216,10642,11542,10939
2871,11224,10655,11557,10950
2872,11233,10668,11574,10961
2873,11244,10680,11591,10974
2874,11257,10693,11608,10988
2875,11274,10707,11625,11006
2876,11294,10722,11641,11027
2877,11316,10739,11659,11051
2878,11341,10758,11679,11076
2879,11366,10778,11702,11102
2880,11391,10797,11726,11129
2881,11416,10817,11751,11155
2882,11441,10837,11776,11181
2883,11466,10857,11801,11207
2884,11489,10879,11826,11233
2885,11512,10902,11851,11259
2886,11533,10926,11875,11284
2887,11554,10949,11898,11309
2888,11575,10970,11922,11332
2889,11598,10988,11945,11355
2890,11620,11005,11969,11376
2891,11642,11020,11992,11397
2892,11663,11035,12015,11416
2893,11681,11051,12034,11434
2894,11699,11067,12052,11450
2895,11715,11084,12066,11465
2896,11729,11099,12078,11478
2897,11742,11112,12089,11493
2898,11754,11123,12099,11508
2899,11763,11131,12109,11524
2900,11771,11136,12120,11539
2901,11778,11140,12129,11553
2902,11782,11143,12138,11563
2903,11784,11145,12144,11569
2904,11783,11147,12148,11571
2905,11780,11148,12148,11570
2906,11774,11147,12146,11564
2907,11765,11142,12140,11556
2908,11754,11134,12132,11544
2909,11740,11121,12121,11529
2910,11723,11105,12108,11512
2911,11704,11086,12092,11493
2912,11683,11065,12075,11472
2913,11661,11043,12055,11451
2914,11637,11021,12035,11429
2915,11613,10997,12012,11405
2916,11587,10973,11988,11380
2917,11560,10946,11961,11353
2918,11530,10917,11933,11324
2919,11498,10886,11903,11295
2920,11466,10855,11873,11264
2921,11433,10825,11843,11235
2922,11401,10796,11815,11206
2923,11370,10770,11789,11180
2924,11340,10745,11763,11154
2925,11312,10720,11738,11128
2926,11284,10695,11713,11103
2927,11257,10668,11686,11076
2928,11230,10639,11659,11048
2929,11203,10608,11630,11020
2930,11176,10576,11601,10992
2931,11147,10546,11572,10964
2932,11117,10516,11543,10936
2933,11086,10488,11513,10907
2934,11054,10459,11483,10876
2935,11021,10429,11451,10843
2936,10987,10397,11418,10809
2937,10951,10364,11385,10774
2938,10916,10330,11351,10737
2939,10882,10296,11317,10700
2940,10849,10262,11283,10663
2941,10818,10228,11249,10626
2942,10786,10193,11214,10590
2943,10754,10157,11177,10554
2944,10721,10119,11138,10517
2945,10685,10080,11098,10479
2946,10647,10039,11057,10440
2947,10606,9997,11015,10399
2948,10562,9955,10971,10356
2949,10516,9913,10926,10309
2950,10467,9870,10879,10261
2951,10417,9826,10830,10211
2952,10366,9781,10781,10162
2953,10317,9735,10733,10114
2954,10268,9689,10684,10066
2955,10220,9641,10636,10020
2956,10172,9594,10589,9973
2957,10124,9546,10543,9926
2958,10077,9497,10497,9879
2959,10030,9449,10452,9833
2960,9986,9401,10407,9786
2961,9942,9355,10362,9740
2962,9899,9309,10317,9694
2963,9855,9266,10271,9649
2964,9810,9225,10226,9603
2965,9765,9184,10181,9558
2966,9721,9145,10138,9513
2967,9678,9106,10097,9471
2968,9638,9067,10058,9431
2969,9601,9030,10022,9394
2970,9565,8994,9987,9359
2971,9530,8960,9953,9326
2972,9496,8928,9919,9293
2973,9461,8897,9885,9259
2974,9426,8866,9850,9224
2975,9390,8833,9814,9187
2976,9352,8799,9777,9150
2977,9313,8764,9739,9113
2978,9274,8728,9702,9076
2979,9235,8692,9666,9040
2980,9198,8656,9631,9005
2981,9163,8621,9597,8970
2982,9128,8585,9563,8934
2983,9094,8549,9528,8898
2984,9058,8512,9493,8862
2985,9021,8475,9456,8825
2986,8982,8438,9420,8787
2987,8942,8403,9383,8750
2988,8902,8369,9347,8712
2989,8862,8338,9310,8673
2990,8825,8307,9274,8635
2991,8789,8277,9238,8597
2992,8756,8246,9201,8562
2993,8723,8214,9164,8528
2994,8690,8179,9128,8497
2995,8657,8144,9092,8468
2996,8622,8110,9058,8440
2997,8588,8076,9025,8411
2998,8553,8045,8993,8380
2999,8519,8014,8960,8348
3000,8485,7983,8925,8312
3001,8450,7951,8889,8274
3002,8415,7916,8852,8235
3003,8380,7878,8815,8194
3004,8346,7840,8779,8154
3005,8312,7801,8744,8115
3006,8280,7764,8711,8078
3007,8249,7728,8681,8042
3008,8217,7694,8651,8007
3009,8186,7661,8621,7974
3010,8155,7629,8592,7941
3011,8126,7598,8563,7911
3012,8098,7569,8533,7882
3013,8069,7541,8502,7854
3014,8040,7515,8472,7826
3015,8009,7490,8442,7798
3016,7977,7465,8412,7770
3017,7944,7439,8383,7741
3018,7913,7412,8356,7712
3019,7884,7386,8330,7685
3020,7858,7359,8307,7660
3021,7834,7333,8285,7637
3022,7811,7307,8263,7616
3023,7791,7284,8241,7595
3024,7771,7262,8219,7575
3025,7753,7243,8196,7555
3026,7735,7226,8174,7535
3027,7716,7209,8153,7516
3028,7697,7194,8133,7498
3029,7678,7177,8115,7481
3030,7659,7160,8098,7463
3031,7640,7140,8080,7446
3032,7621,7119,8062,7428
3033,7602,7096,8043,7409
3034,7582,7072,8023,7389
3035,7562,7048,8002,7368
3036,7542,7024,7982,7346
3037,7522,7002,7963,7324
3038,7501,6982,7945,7302
3039,7481,6965,7928,7282
3040,7461,6951,7913,7264
3041,7443,6938,7900,7249
3042,7426,6926,7889,7235
3043,7412,6915,7878,7223
3044,7399,6903,7867,7213
3045,7387,6891,7856,7203
3046,7376,6879,7844,7192
3047,7365,6868,7830,7179
3048,7352,6856,7815,7164
3049,7338,6844,7798,7147
3050,7322,6831,7781,7129
3051,7307,6816,7763,7111
3052,7291,6800,7746,7094
3053,7277,6784,7731,7079
3054,7263,6767,7718,7066
3055,7250,6750,7706,7053
3056,7238,6734,7694,7041
3057,7224,6718,7681,7028
3058,7210,6702,7668,7014
3059,7194,6685,7653,6999
3060,7177,6668,7637,6982
3061,7159,6651,7621,6965
3062,7140,6633,7603,6947
3063,7121,6615,7584,6929
3064,7102,6598,7565,6911
3065,7084,6583,7546,6895
3066,7068,6569,7529,6881
3067,7052,6555,7511,6867
3068,7036,6541,7496,6854
3069,7019,6527,7481,6839
3070,7001,6512,7467,6825
3071,6982,6497,7453,6809
3072,6961,6482,7438,6793
3073,6941,6467,7423,6776
3074,6921,6451,7407,6758
3075,6901,6434,7390,6741
3076,6882,6415,7373,6724
3077,6863,6396,7357,6707
3078,6846,6377,7342,6691
3079,6829,6358,7327,6674
3080,6813,6341,7313,6658
3081,6799,6326,7298,6641
3082,6785,6312,7283,6624
3083,6772,6300,7266,6608
3084,6759,6288,7249,6592
3085,6746,6275,7232,6579
3086,6734,6263,7218,6569
3087,6723,6250,7206,6560
3088,6712,6236,7196,6553
3089,6701,6223,7188,6544
3090,6690,6209,7179,6534
3091,6677,6196,7170,6522
3092,6664,6183,7159,6508
3093,6651,6170,7147,6493
3094,6638,6157,7134,6477
3095,6625,6145,7120,6461
3096,6613,6132,7105,6445
3097,6600,6119,7088,6430
3098,6587,6104,7071,6416
3099,6574,6088,7054,6402
3100,6560,6070,7038,6389
3101,6547,6052,7023,6376
3102,6533,6034,7009,6363
3103,6519,6018,6998,6351
3104,6505,6003,6987,6339
3105,6491,5989,6977,6328
3106,6475,5977,6966,6315
3107,6457,5965,6953,6302
3108,6438,5954,6940,6286
3109,6419,5944,6925,6270
3110,6400,5934,6911,6254
3111,6383,5925,6898,6239
3112,6368,5916,6885,6227
3113,6354,5906,6874,6217
3114,6342,5894,6863,6209
3115,6330,5881,6851,6202
3116,6320,5865,6839,6195
3117,6311,5848,6826,6186
3118,6301,5831,6813,6175
3119,6290,5816,6798,6162
3120,6276,5801,6783,6146
3121,6260,5787,6767,6128
3122,6243,5774,6751,6111
3123,6225,5761,6734,6095
3124,6209,5748,6718,6081
3125,6195,5735,6703,6069
3126,6183,5722,6691,6061
3127,6173,5710,6681,6053
3128,6164,5700,6673,6047
3129,6155,5691,6666,6041
3130,6147,5683,6658,6034
3131,6137,5675,6650,6025
3132,6126,5666,6641,6014
3133,6114,5656,6630,6002
3134,6099,5644,6619,5988
3135,6084,5633,6607,5973
3136,6069,5622,6594,5957
3137,6053,5611,6583,5940
3138,6038,5600,6571,5924
3139,6024,5590,6560,5909
3140,6011,5579,6548,5895
3141,5999,5566,6536,5882
3142,5988,5551,6525,5870
3143,5979,5534,6513,5858
3144,5969,5515,6501,5847
3145,5959,5497,6489,5835
3146,5948,5481,6477,5825
3147,5937,5467,6465,5816
3148,5925,5458,6453,5808
3149,5912,5450,6441,5800
3150,5899,5442,6429,5792
3151,5887,5434,6416,5783
3152,5876,5424,6403,5773
3153,5868,5414,6390,5762
3154,5861,5403,6377,5750
3155,5854,5393,6366,5737
3156,5847,5382,6354,5723
3157,5839,5371,6344,5710
3158,5828,5358,6333,5697
3159,5815,5345,6321,5685
3160,5800,5329,6308,5673
3161,5783,5313,6295,5662
3162,5765,5297,6281,5649
3163,5748,5282,6268,5635
3164,5731,5268,6255,5620
3165,5717,5257,6244,5606
3166,5704,5248,6233,5592
3167,5694,5241,6222,5579
3168,5684,5235,6211,5568
3169,5675,5229,6199,5556
3170,5665,5220,6188,5546
3171,5655,5211,6179,5536
3172,5643,5202,6170,5527
3173,5631,5193,6163,5520
3174,5618,5184,6156,5514
3175,5605,5175,6149,5509
3176,5593,5165,6142,5504
3177,5581,5153,6133,5498
3178,5572,5138,6123,5490
3179,5564,5123,6113,5482
3180,5557,5110,6104,5474
3181,5550,5098,6095,5466
3182,5543,5090,6089,5459
3183,5535,5083,6082,5453
3184,5525,5077,6076,5447
3185,5513,5070,6068,5440
3186,5500,5061,6059,5431
3187,5487,5051,6048,5420
3188,5475,5039,6036,5406
3189,5464,5027,6025,5392
3190,5455,5015,6014,5376
3191,5448,5002,6004,5362
3192,5441,4991,5996,5350
3193,5434,4981,5989,5340
3194,5425,4972,5982,5332
3195,5415,4962,5975,5324
3196,5403,4951,5967,5317
3197,5389,4939,5958,5309
3198,5373,4925,5948,5300
3199,5358,4912,5937,5291
3200,5344,4899,5925,5282
3201,5332,4888,5914,5273
3202,5323,4879,5904,5263
3203,5316,4871,5895,5252
3204,5310,4864,5887,5243
3205,5305,4857,5879,5233
3206,5300,4851,5872,5225
3207,5294,4846,5865,5217
3208,5288,4839,5858,5211
3209,5280,4833,5852,5205
3210,5271,4825,5845,5200
3211,5262,4816,5838,5195
3212,5255,4807,5830,5191
3213,5249,4797,5822,5187
3214,5244,4786,5811,5181
3215,5239,4775,5800,5173
3216,5231,4763,5787,5161
3217,5220,4752,5775,5146
3218,5208,4742,5764,5129
3219,5195,4735,5754,5113
3220,5183,4730,5746,5100
3221,5174,4725,5739,5090
3222,5165,4720,5733,5083
3223,5156,4713,5726,5078
3224,5146,4705,5719,5073
3225,5134,4696,5712,5068
3226,5121,4687,5704,5063
3227,5108,4678,5695,5057
3228,5095,4670,5687,5049
3229,5083,4663,5679,5040
3230,5073,4654,5672,5030
3231,5066,4644,5665,5020
3232,5060,4633,5658,5010
3233,5055,4620,5652,5001
3234,5051,4606,5644,4993
3235,5047,4593,5637,4987
3236,5040,4581,5629,4980
3237,5031,4570,5621,4974
3238,5021,4561,5613,4967
3239,5009,4554,5606,4959
3240,4997,4548,5599,4949
3241,4986,4543,5594,4940
3242,4977,4539,5588,4931
3243,4969,4533,5582,4923
3244,4961,4526,5575,4915
3245,4952,4518,5568,4909
3246,4944,4508,5559,4903
3247,4935,4498,5551,4897
3248,4928,4489,5543,4892
3249,4924,4480,5536,4888
3250,4920,4473,5528,4884
3251,4917,4467,5521,4879
3252,4912,4461,5514,4873
3253,4906,4455,5507,4865
3254,4897,4448,5499,4855
3255,4886,4440,5491,4844
3256,4875,4431,5483,4833
3257,4863,4422,5476,4821
3258,4850,4411,5469,4810
3259,4838,4401,5462,4799
3260,4827,4391,5455,4791
3261,4818,4381,5448,4784
3262,4810,4372,5441,4779
3263,4804,4365,5434,4775
3264,4798,4358,5428,4770
3265,4793,4352,5422,4765
3266,4788,4347,5416,4760
3267,4783,4342,5410,4752
3268,4777,4335,5403,4744
3269,4770,4327,5397,4736
3270,4762,4317,5390,4728
3271,4754,4307,5384,4720
3272,4745,4297,5377,4711
3273,4736,4288,5369,4703
3274,4727,4281,5362,4696
3275,4720,4276,5355,4689
3276,4713,4272,5348,4684
3277,4706,4268,5342,4679
3278,4698,4265,5335,4674
3279,4688,4260,5328,4667
3280,4676,4254,5318,4657
3281,4663,4246,5308,4646
3282,4650,4238,5298,4634
3283,4640,4230,5288,4623
3284,4633,4222,5280,4614
3285,4628,4216,5272,4606
3286,4625,4210,5265,4600
3287,4621,4204,5258,4593
3288,4616,4198,5250,4585
3289,4610,4190,5241,4577
3290,4602,4182,5232,4570
3291,4593,4173,5224,4562
3292,4584,4163,5218,4555
3293,4575,4154,5212,4549
3294,4564,4145,5206,4542
3295,4553,4136,5201,4535
3296,4542,4127,5195,4527
3297,4530,4118,5188,4520
3298,4520,4109,5182,4512
3299,4510,4100,5174,4505
